jobcountry,country,sector,month,n_obs,posted_wage_growth_yoy,posted_wage_growth_yoy_3moavg
US,US,Administrative Assistance,Jan-19,17292,0.035714286,NA
US,US,Administrative Assistance,Feb-19,16584,0.043478261,NA
US,US,Administrative Assistance,Mar-19,19049,0.041666667,0.040286404
US,US,Administrative Assistance,Apr-19,19129,0.029970521,0.038371816
US,US,Administrative Assistance,May-19,21543,0.045454545,0.039030578
US,US,Administrative Assistance,Jun-19,18503,0.03125,0.035558355
US,US,Administrative Assistance,Jul-19,17544,0.027549401,0.034751315
US,US,Administrative Assistance,Aug-19,20730,0.035714286,0.031504562
US,US,Administrative Assistance,Sep-19,16716,0.035732188,0.032998625
US,US,Administrative Assistance,Oct-19,20347,0.027496013,0.032980829
US,US,Administrative Assistance,Nov-19,17471,0.025740513,0.029656238
US,US,Administrative Assistance,Dec-19,15667,0.029964401,0.027733642
US,US,Administrative Assistance,Jan-20,24782,0.029061793,0.028255569
US,US,Administrative Assistance,Feb-20,26769,0.028317689,0.029114627
US,US,Administrative Assistance,Mar-20,19998,0.035714286,0.031031256
US,US,Administrative Assistance,Apr-20,11049,0.055555556,0.03986251
US,US,Administrative Assistance,May-20,20467,0.025,0.038756614
US,US,Administrative Assistance,Jun-20,23585,0.02,0.033518519
US,US,Administrative Assistance,Jul-20,29689,0.035446418,0.026815473
US,US,Administrative Assistance,Aug-20,29439,0.038461538,0.031302652
US,US,Administrative Assistance,Sep-20,29634,0.031373441,0.035093799
US,US,Administrative Assistance,Oct-20,32163,0.037190709,0.03567523
US,US,Administrative Assistance,Nov-20,23096,0.035598718,0.034720956
US,US,Administrative Assistance,Dec-20,23195,0.036093023,0.03629415
US,US,Administrative Assistance,Jan-21,33542,0.040727903,0.037473215
US,US,Administrative Assistance,Feb-21,34049,0.045454545,0.040758491
US,US,Administrative Assistance,Mar-21,42396,0.035714286,0.040632245
US,US,Administrative Assistance,Apr-21,41289,0.04113618,0.040768337
US,US,Administrative Assistance,May-21,44615,0.068965517,0.048605328
US,US,Administrative Assistance,Jun-21,47961,0.074074074,0.061391924
US,US,Administrative Assistance,Jul-21,51158,0.071428571,0.071489388
US,US,Administrative Assistance,Aug-21,48469,0.071428571,0.072310406
US,US,Administrative Assistance,Sep-21,46677,0.078309825,0.073722323
US,US,Administrative Assistance,Oct-21,46744,0.084396389,0.078044928
US,US,Administrative Assistance,Nov-21,38525,0.089209787,0.083972
US,US,Administrative Assistance,Dec-21,37752,0.081967213,0.08519113
US,US,Administrative Assistance,Jan-22,44913,0.088235294,0.086470765
US,US,Administrative Assistance,Feb-22,47447,0.088235294,0.086145934
US,US,Administrative Assistance,Mar-22,59172,0.089108911,0.0885265
US,US,Administrative Assistance,Apr-22,55220,0.085365854,0.08757002
US,US,Administrative Assistance,May-22,53118,0.082996625,0.085823797
US,US,Administrative Assistance,Jun-22,51850,0.074193548,0.080852009
US,US,Administrative Assistance,Jul-22,56001,0.075757576,0.07764925
US,US,Administrative Assistance,Aug-22,61609,0.072856559,0.074269228
US,US,Administrative Assistance,Sep-22,57667,0.068457103,0.072357079
US,US,Administrative Assistance,Oct-22,54712,0.068181818,0.069831827
US,US,Administrative Assistance,Nov-22,48049,0.0625,0.06637964
US,US,Administrative Assistance,Dec-22,42650,0.059999973,0.063560597
US,US,Administrative Assistance,Jan-23,53792,0.058823529,0.060441168
US,US,Administrative Assistance,Feb-23,50977,0.064516129,0.061113211
US,US,Administrative Assistance,Mar-23,61858,0.06187501,0.061738223
US,US,Administrative Assistance,Apr-23,56841,0.057142857,0.061177999
US,US,Administrative Assistance,May-23,57446,0.055555556,0.058191141
US,US,Administrative Assistance,Jun-23,56285,0.056475901,0.056391438
US,US,Administrative Assistance,Jul-23,54216,0.051282051,0.054437836
US,US,Administrative Assistance,Aug-23,63347,0.05,0.052585984
US,US,Administrative Assistance,Sep-23,56035,0.051748252,0.051010101
US,US,Administrative Assistance,Oct-23,53466,0.047619048,0.0497891
US,US,Administrative Assistance,Nov-23,46767,0.04377105,0.047712783
US,US,Administrative Assistance,Dec-23,40881,0.040540541,0.04397688
US,US,Administrative Assistance,Jan-24,55080,0.041666667,0.041992753
US,US,Administrative Assistance,Feb-24,53335,0.036400368,0.039535859
US,US,Administrative Assistance,Mar-24,54427,0.039473684,0.03918024
US,US,Administrative Assistance,Apr-24,50800,0.038961039,0.038278364
US,US,Administrative Assistance,May-24,51676,0.039473684,0.039302802
US,US,Administrative Assistance,Jun-24,48902,0.037878788,0.03877117
US,US,Administrative Assistance,Jul-24,48752,0.044823957,0.040725476
US,US,Administrative Assistance,Aug-24,55115,0.039898677,0.040867141
US,US,Administrative Assistance,Sep-24,47557,0.041666667,0.042129767
US,US,Administrative Assistance,Oct-24,49256,0.040697674,0.040754339
US,US,Administrative Assistance,Nov-24,40030,0.047350245,0.043238195
US,US,Administrative Assistance,Dec-24,35937,0.041272031,0.04310665
US,US,Administrative Assistance,Jan-25,49074,0.040540541,0.043054272
US,US,Personal Care & Home Health,Jan-19,4279,0.037355779,NA
US,US,Personal Care & Home Health,Feb-19,4435,0.019762451,NA
US,US,Personal Care & Home Health,Mar-19,5111,0.013874282,0.023664171
US,US,Personal Care & Home Health,Apr-19,5042,0.038461538,0.024032757
US,US,Personal Care & Home Health,May-19,5312,0.041666667,0.031334162
US,US,Personal Care & Home Health,Jun-19,4858,0.052631579,0.044253261
US,US,Personal Care & Home Health,Jul-19,4883,0.034888438,0.043062228
US,US,Personal Care & Home Health,Aug-19,6225,0.036852341,0.041457453
US,US,Personal Care & Home Health,Sep-19,5462,0.022222222,0.031321
US,US,Personal Care & Home Health,Oct-19,6503,0.033166663,0.030747075
US,US,Personal Care & Home Health,Nov-19,5622,0.036290304,0.03055973
US,US,Personal Care & Home Health,Dec-19,5323,0.023374034,0.030943667
US,US,Personal Care & Home Health,Jan-20,7261,0.038461538,0.032708626
US,US,Personal Care & Home Health,Feb-20,7942,0.037037037,0.032957537
US,US,Personal Care & Home Health,Mar-20,7279,0.035000014,0.036832863
US,US,Personal Care & Home Health,Apr-20,7552,0.020571409,0.030869487
US,US,Personal Care & Home Health,May-20,7916,0.013333342,0.022968255
US,US,Personal Care & Home Health,Jun-20,9468,0.022474747,0.018793166
US,US,Personal Care & Home Health,Jul-20,11282,0.028571429,0.021459839
US,US,Personal Care & Home Health,Aug-20,11594,0.038139521,0.029728566
US,US,Personal Care & Home Health,Sep-20,12025,0.030010423,0.032240457
US,US,Personal Care & Home Health,Oct-20,14618,0.041064547,0.03640483
US,US,Personal Care & Home Health,Nov-20,11875,0.038461538,0.036512169
US,US,Personal Care & Home Health,Dec-20,12529,0.043478261,0.041001449
US,US,Personal Care & Home Health,Jan-21,13451,0.037037037,0.039658945
US,US,Personal Care & Home Health,Feb-21,14420,0.0578125,0.046109266
US,US,Personal Care & Home Health,Mar-21,18065,0.051503095,0.048784211
US,US,Personal Care & Home Health,Apr-21,20515,0.068965517,0.059427037
US,US,Personal Care & Home Health,May-21,19437,0.086956522,0.069141711
US,US,Personal Care & Home Health,Jun-21,19146,0.083333333,0.079751791
US,US,Personal Care & Home Health,Jul-21,19176,0.1,0.090096618
US,US,Personal Care & Home Health,Aug-21,17406,0.090280085,0.091204473
US,US,Personal Care & Home Health,Sep-21,17207,0.1,0.096760028
US,US,Personal Care & Home Health,Oct-21,17174,0.105263158,0.098514414
US,US,Personal Care & Home Health,Nov-21,16084,0.115789474,0.107017544
US,US,Personal Care & Home Health,Dec-21,17343,0.12,0.113684211
US,US,Personal Care & Home Health,Jan-22,17379,0.107142857,0.114310777
US,US,Personal Care & Home Health,Feb-22,18102,0.106600589,0.111247815
US,US,Personal Care & Home Health,Mar-22,21673,0.122807018,0.112183488
US,US,Personal Care & Home Health,Apr-22,20347,0.116175249,0.115194285
US,US,Personal Care & Home Health,May-22,18852,0.103448276,0.114143514
US,US,Personal Care & Home Health,Jun-22,19096,0.10361093,0.107744818
US,US,Personal Care & Home Health,Jul-22,20134,0.103448276,0.103502494
US,US,Personal Care & Home Health,Aug-22,22508,0.100724638,0.102594615
US,US,Personal Care & Home Health,Sep-22,23816,0.083333333,0.095835416
US,US,Personal Care & Home Health,Oct-22,24142,0.096379417,0.093479129
US,US,Personal Care & Home Health,Nov-22,23885,0.083333333,0.087682028
US,US,Personal Care & Home Health,Dec-22,25977,0.076923077,0.085545276
US,US,Personal Care & Home Health,Jan-23,25166,0.08,0.08008547
US,US,Personal Care & Home Health,Feb-23,25259,0.083651399,0.080191492
US,US,Personal Care & Home Health,Mar-23,29362,0.077330764,0.080327388
US,US,Personal Care & Home Health,Apr-23,27289,0.066666667,0.075882943
US,US,Personal Care & Home Health,May-23,27014,0.0625,0.068832477
US,US,Personal Care & Home Health,Jun-23,26797,0.059774994,0.062980554
US,US,Personal Care & Home Health,Jul-23,26604,0.043478261,0.055251085
US,US,Personal Care & Home Health,Aug-23,31887,0.048580572,0.050611276
US,US,Personal Care & Home Health,Sep-23,30854,0.0625,0.051519611
US,US,Personal Care & Home Health,Oct-23,31439,0.045454545,0.052178372
US,US,Personal Care & Home Health,Nov-23,29326,0.032258065,0.046737537
US,US,Personal Care & Home Health,Dec-23,30213,0.034115819,0.037276143
US,US,Personal Care & Home Health,Jan-24,32421,0.029045643,0.031806509
US,US,Personal Care & Home Health,Feb-24,32006,0.033333333,0.032164932
US,US,Personal Care & Home Health,Mar-24,34191,0.032258065,0.03154568
US,US,Personal Care & Home Health,Apr-24,30925,0.030536131,0.032042509
US,US,Personal Care & Home Health,May-24,30839,0.033908046,0.03223408
US,US,Personal Care & Home Health,Jun-24,27444,0.033333333,0.032592503
US,US,Personal Care & Home Health,Jul-24,26347,0.034799033,0.034013471
US,US,Personal Care & Home Health,Aug-24,27848,0.033333333,0.0338219
US,US,Personal Care & Home Health,Sep-24,26778,0.032999992,0.033710786
US,US,Personal Care & Home Health,Oct-24,27796,0.033077121,0.033136816
US,US,Personal Care & Home Health,Nov-24,24789,0.032532777,0.032869964
US,US,Personal Care & Home Health,Dec-24,22452,0.032332736,0.032647545
US,US,Personal Care & Home Health,Jan-25,26401,0.034482759,0.033116091
US,US,Childcare,Jan-19,4742,0.042964589,NA
US,US,Childcare,Feb-19,4585,0.041666667,NA
US,US,Childcare,Mar-19,5257,0.047619048,0.044083434
US,US,Childcare,Apr-19,4881,0.038461538,0.042582418
US,US,Childcare,May-19,4544,0.046153846,0.044078144
US,US,Childcare,Jun-19,4238,0.042758621,0.042458002
US,US,Childcare,Jul-19,5651,0.03125,0.040054156
US,US,Childcare,Aug-19,6928,0.047123029,0.040377217
US,US,Childcare,Sep-19,5184,0.038298566,0.038890532
US,US,Childcare,Oct-19,5677,0.045454545,0.04362538
US,US,Childcare,Nov-19,4732,0.02970297,0.037818694
US,US,Childcare,Dec-19,3960,0.03030303,0.035153515
US,US,Childcare,Jan-20,6598,0.04,0.033335334
US,US,Childcare,Feb-20,7334,0.036149826,0.035484285
US,US,Childcare,Mar-20,4310,0.035765626,0.03730515
US,US,Childcare,Apr-20,1296,0.060696543,0.044203998
US,US,Childcare,May-20,3055,0,0.032154056
US,US,Childcare,Jun-20,4707,0.019065011,0.026587185
US,US,Childcare,Jul-20,7943,0.019977823,0.013014278
US,US,Childcare,Aug-20,10063,0.033333355,0.024125396
US,US,Childcare,Sep-20,8936,0.040927905,0.031413028
US,US,Childcare,Oct-20,8931,0.024390244,0.032883835
US,US,Childcare,Nov-20,6103,0.033520599,0.03294625
US,US,Childcare,Dec-20,6279,0.029478612,0.029129818
US,US,Childcare,Jan-21,9366,0.034482759,0.03249399
US,US,Childcare,Feb-21,9352,0.055555556,0.039838975
US,US,Childcare,Mar-21,12475,0.052631579,0.047556631
US,US,Childcare,Apr-21,11701,0.034210526,0.047465887
US,US,Childcare,May-21,11397,0.084530387,0.057124164
US,US,Childcare,Jun-21,12256,0.092078333,0.070273082
US,US,Childcare,Jul-21,15106,0.104166667,0.093591796
US,US,Childcare,Aug-21,13545,0.1,0.098748333
US,US,Childcare,Sep-21,12263,0.1,0.101388889
US,US,Childcare,Oct-21,11928,0.130434783,0.110144928
US,US,Childcare,Nov-21,10356,0.141439228,0.123958003
US,US,Childcare,Dec-21,10092,0.146125701,0.139333237
US,US,Childcare,Jan-22,10987,0.130856855,0.139473928
US,US,Childcare,Feb-22,11857,0.125251178,0.134077912
US,US,Childcare,Mar-22,15044,0.142857143,0.132988392
US,US,Childcare,Apr-22,13829,0.143095236,0.137067852
US,US,Childcare,May-22,12071,0.130434783,0.13879572
US,US,Childcare,Jun-22,11905,0.119322034,0.130950684
US,US,Childcare,Jul-22,16014,0.106969487,0.118908768
US,US,Childcare,Aug-22,18120,0.106382979,0.1108915
US,US,Childcare,Sep-22,14958,0.1,0.104450822
US,US,Childcare,Oct-22,14408,0.084337349,0.096906776
US,US,Childcare,Nov-22,12647,0.083333333,0.089223561
US,US,Childcare,Dec-22,11770,0.066666667,0.07811245
US,US,Childcare,Jan-23,14709,0.071428571,0.073809524
US,US,Childcare,Feb-23,14111,0.074074074,0.070723104
US,US,Childcare,Mar-23,17422,0.057692308,0.067731651
US,US,Childcare,Apr-23,15265,0.057227507,0.062997963
US,US,Childcare,May-23,14568,0.056603774,0.057174529
US,US,Childcare,Jun-23,14634,0.056338028,0.056723103
US,US,Childcare,Jul-23,16399,0.053571429,0.05550441
US,US,Childcare,Aug-23,18805,0.046153846,0.052021101
US,US,Childcare,Sep-23,15994,0.048387097,0.04937079
US,US,Childcare,Oct-23,15123,0.054804258,0.049781734
US,US,Childcare,Nov-23,13270,0.042385057,0.048525471
US,US,Childcare,Dec-23,11193,0.049180328,0.048789881
US,US,Childcare,Jan-24,15507,0.053571429,0.048378938
US,US,Childcare,Feb-24,15951,0.043777635,0.048843131
US,US,Childcare,Mar-24,16302,0.052631579,0.049993548
US,US,Childcare,Apr-24,14160,0.040650407,0.04568654
US,US,Childcare,May-24,13043,0.05,0.047760662
US,US,Childcare,Jun-24,11841,0.041946308,0.044198905
US,US,Childcare,Jul-24,14378,0.03125,0.041065436
US,US,Childcare,Aug-24,15465,0.040898174,0.038031494
US,US,Childcare,Sep-24,13016,0.039722231,0.037290135
US,US,Childcare,Oct-24,12711,0.032258065,0.037626156
US,US,Childcare,Nov-24,9901,0.034234227,0.035404841
US,US,Childcare,Dec-24,9095,0.04,0.035497431
US,US,Childcare,Jan-25,11692,0.028571429,0.034268552
US,US,Construction,Jan-19,5209,0.038461538,NA
US,US,Construction,Feb-19,5568,0.03458333,NA
US,US,Construction,Mar-19,8673,0.038461538,0.037168802
US,US,Construction,Apr-19,9593,0.033333333,0.035459401
US,US,Construction,May-19,9970,0.037735849,0.03651024
US,US,Construction,Jun-19,8320,0.039473684,0.036847622
US,US,Construction,Jul-19,8089,0.032258065,0.036489199
US,US,Construction,Aug-19,9357,0.046511628,0.039414459
US,US,Construction,Sep-19,6409,0.029411765,0.036060486
US,US,Construction,Oct-19,7481,0.028571429,0.034831607
US,US,Construction,Nov-19,5606,0.04,0.032661064
US,US,Construction,Dec-19,4300,0.023809524,0.030793651
US,US,Construction,Jan-20,7025,0.021514406,0.02844131
US,US,Construction,Feb-20,8527,0.024390244,0.023238058
US,US,Construction,Mar-20,8631,0.019602978,0.021835876
US,US,Construction,Apr-20,7328,0.028708791,0.024234004
US,US,Construction,May-20,10678,0.022222222,0.02351133
US,US,Construction,Jun-20,11788,0.006993007,0.019308007
US,US,Construction,Jul-20,14019,0.013333333,0.014182854
US,US,Construction,Aug-20,15234,0.0125,0.010942113
US,US,Construction,Sep-20,13712,0.022222222,0.016018519
US,US,Construction,Oct-20,14428,0.027777778,0.020833333
US,US,Construction,Nov-20,9411,0.03030303,0.026767677
US,US,Construction,Dec-20,9038,0.038461538,0.032180782
US,US,Construction,Jan-21,12743,0.0375,0.035421523
US,US,Construction,Feb-21,15468,0.034197463,0.036719667
US,US,Construction,Mar-21,24250,0.052631579,0.041443014
US,US,Construction,Apr-21,26881,0.045454545,0.044094529
US,US,Construction,May-21,24064,0.069767442,0.055951189
US,US,Construction,Jun-21,24098,0.061837649,0.059019879
US,US,Construction,Jul-21,22938,0.066666667,0.066090586
US,US,Construction,Aug-21,19405,0.083184977,0.070563098
US,US,Construction,Sep-21,18037,0.076280248,0.075377297
US,US,Construction,Oct-21,16614,0.075,0.078155075
US,US,Construction,Nov-21,13280,0.076923077,0.076067775
US,US,Construction,Dec-21,12721,0.063829787,0.071917621
US,US,Construction,Jan-22,14588,0.076923077,0.072558647
US,US,Construction,Feb-22,17343,0.078104575,0.07295248
US,US,Construction,Mar-22,24216,0.075606057,0.076877903
US,US,Construction,Apr-22,22449,0.083333333,0.079014655
US,US,Construction,May-22,20972,0.077714266,0.078884552
US,US,Construction,Jun-22,20377,0.073852268,0.078299956
US,US,Construction,Jul-22,20748,0.075,0.075522178
US,US,Construction,Aug-22,22376,0.071428571,0.073426946
US,US,Construction,Sep-22,19692,0.065217391,0.070548654
US,US,Construction,Oct-22,18080,0.0625,0.066381988
US,US,Construction,Nov-22,14737,0.048573625,0.058763672
US,US,Construction,Dec-22,13032,0.05,0.053691208
US,US,Construction,Jan-23,15394,0.052631579,0.050401735
US,US,Construction,Feb-23,15467,0.057692308,0.053441296
US,US,Construction,Mar-23,21623,0.04,0.050107962
US,US,Construction,Apr-23,21491,0.044444444,0.047378917
US,US,Construction,May-23,21335,0.042589006,0.042344483
US,US,Construction,Jun-23,21049,0.04,0.042344483
US,US,Construction,Jul-23,19684,0.037974684,0.040187897
US,US,Construction,Aug-23,22696,0.037974684,0.038649789
US,US,Construction,Sep-23,20710,0.042253521,0.039400963
US,US,Construction,Oct-23,18192,0.03125,0.037159402
US,US,Construction,Nov-23,15127,0.033060109,0.03552121
US,US,Construction,Dec-23,12476,0.038837211,0.03438244
US,US,Construction,Jan-24,15511,0.028373166,0.033423495
US,US,Construction,Feb-24,16633,0.028018532,0.03174297
US,US,Construction,Mar-24,19773,0.03125,0.029213899
US,US,Construction,Apr-24,18305,0.029705034,0.029657855
US,US,Construction,May-24,18006,0.03527437,0.032076468
US,US,Construction,Jun-24,15477,0.029548169,0.031509191
US,US,Construction,Jul-24,14170,0.028409091,0.03107721
US,US,Construction,Aug-24,15899,0.025641026,0.027866095
US,US,Construction,Sep-24,13186,0.023809524,0.025953213
US,US,Construction,Oct-24,13570,0.022874999,0.024108516
US,US,Construction,Nov-24,10034,0.027525253,0.024736592
US,US,Construction,Dec-24,8219,0.022727273,0.024375841
US,US,Construction,Jan-25,12615,0.032305263,0.027519263
US,US,Customer Service,Jan-19,12928,0.040089286,NA
US,US,Customer Service,Feb-19,13138,0.037037037,NA
US,US,Customer Service,Mar-19,16704,0.043478261,0.040201528
US,US,Customer Service,Apr-19,16766,0.037037037,0.039184112
US,US,Customer Service,May-19,16977,0.037037037,0.039184112
US,US,Customer Service,Jun-19,14635,0.035315171,0.036463082
US,US,Customer Service,Jul-19,15491,0.032258065,0.034870091
US,US,Customer Service,Aug-19,17959,0.037037037,0.034870091
US,US,Customer Service,Sep-19,15311,0.039473684,0.036256262
US,US,Customer Service,Oct-19,17465,0.033898305,0.036803009
US,US,Customer Service,Nov-19,14560,0.030286332,0.034552774
US,US,Customer Service,Dec-19,12534,0.022926227,0.029036955
US,US,Customer Service,Jan-20,17824,0.026869753,0.026694104
US,US,Customer Service,Feb-20,20206,0.025381874,0.025059285
US,US,Customer Service,Mar-20,14525,0.038461538,0.030237722
US,US,Customer Service,Apr-20,7619,0.035889936,0.03324445
US,US,Customer Service,May-20,14141,0.013333333,0.029228269
US,US,Customer Service,Jun-20,18092,0.016666667,0.021963312
US,US,Customer Service,Jul-20,21997,0.014213009,0.01473767
US,US,Customer Service,Aug-20,23336,0.022727273,0.017868983
US,US,Customer Service,Sep-20,24507,0.032258065,0.023066116
US,US,Customer Service,Oct-20,25390,0.04,0.031661779
US,US,Customer Service,Nov-20,18273,0.035714286,0.035990783
US,US,Customer Service,Dec-20,17060,0.041666667,0.039126984
US,US,Customer Service,Jan-21,24206,0.04,0.039126984
US,US,Customer Service,Feb-21,25585,0.043478261,0.041714976
US,US,Customer Service,Mar-21,36779,0.04,0.04115942
US,US,Customer Service,Apr-21,38614,0.043478261,0.042318841
US,US,Customer Service,May-21,40697,0.072164948,0.05188107
US,US,Customer Service,Jun-21,42867,0.081818147,0.065820452
US,US,Customer Service,Jul-21,39514,0.090909091,0.081630729
US,US,Customer Service,Aug-21,36577,0.086956522,0.086561253
US,US,Customer Service,Sep-21,35812,0.089197313,0.089020975
US,US,Customer Service,Oct-21,36622,0.096774194,0.090976009
US,US,Customer Service,Nov-21,30221,0.105769231,0.097246912
US,US,Customer Service,Dec-21,30071,0.095238095,0.099260507
US,US,Customer Service,Jan-22,32999,0.1,0.100335775
US,US,Customer Service,Feb-22,35517,0.096153846,0.097130647
US,US,Customer Service,Mar-22,44455,0.101239966,0.099131271000000007
US,US,Customer Service,Apr-22,41748,0.107142857,0.101512223
US,US,Customer Service,May-22,38903,0.1,0.102794274
US,US,Customer Service,Jun-22,36603,0.090909091,0.099350649
US,US,Customer Service,Jul-22,37918,0.090909091,0.093939394
US,US,Customer Service,Aug-22,42551,0.087885465,0.089901216
US,US,Customer Service,Sep-22,39893,0.083333333,0.087375963
US,US,Customer Service,Oct-22,39712,0.0625,0.077906266
US,US,Customer Service,Nov-22,33916,0.064516129,0.070116487
US,US,Customer Service,Dec-22,30731,0.075757576,0.067591235
US,US,Customer Service,Jan-23,35795,0.073529412,0.071267706
US,US,Customer Service,Feb-23,35019,0.068965517,0.072750835
US,US,Customer Service,Mar-23,42376,0.064480282,0.068991737
US,US,Customer Service,Apr-23,39742,0.060815594,0.064753798
US,US,Customer Service,May-23,38988,0.054945055,0.060080311
US,US,Customer Service,Jun-23,38064,0.050786408,0.055515686
US,US,Customer Service,Jul-23,35819,0.042857143,0.049529535
US,US,Customer Service,Aug-23,42715,0.052631579,0.048758377
US,US,Customer Service,Sep-23,37445,0.047891163,0.047793295
US,US,Customer Service,Oct-23,36502,0.043478261,0.048000334
US,US,Customer Service,Nov-23,34698,0.044343929,0.045237784
US,US,Customer Service,Dec-23,27572,0.032522475,0.040114888
US,US,Customer Service,Jan-24,35855,0.038860231,0.038575545
US,US,Customer Service,Feb-24,34402,0.036336934,0.035906547
US,US,Customer Service,Mar-24,37271,0.029999998,0.035065721
US,US,Customer Service,Apr-24,34757,0.027777778,0.03137157
US,US,Customer Service,May-24,33993,0.028424528,0.028734101
US,US,Customer Service,Jun-24,31539,0.03125,0.029150769
US,US,Customer Service,Jul-24,31027,0.034482759,0.031385762
US,US,Customer Service,Aug-24,34624,0.02558647,0.030439743
US,US,Customer Service,Sep-24,29040,0.03400771,0.03135898
US,US,Customer Service,Oct-24,29805,0.033333333,0.030975838
US,US,Customer Service,Nov-24,23686,0.03125,0.032863681
US,US,Customer Service,Dec-24,21831,0.033333333,0.032638889
US,US,Customer Service,Jan-25,28927,0.028571429,0.031051587
US,US,Education & Instruction,Jan-19,8419,0.007529863,NA
US,US,Education & Instruction,Feb-19,7975,0.004738221,NA
US,US,Education & Instruction,Mar-19,9458,0.020942408,0.011070164
US,US,Education & Instruction,Apr-19,9087,0.029990524,0.018557051
US,US,Education & Instruction,May-19,9389,0.027280769,0.026071234
US,US,Education & Instruction,Jun-19,8677,0.029189368,0.02882022
US,US,Education & Instruction,Jul-19,12175,0.024401247,0.026957128
US,US,Education & Instruction,Aug-19,15697,0.021403128,0.024997915
US,US,Education & Instruction,Sep-19,9618,0.029979632,0.025261336
US,US,Education & Instruction,Oct-19,10831,0.018841973,0.023408244
US,US,Education & Instruction,Nov-19,9134,0.024537967,0.02445319
US,US,Education & Instruction,Dec-19,8081,0.021980676,0.021786872
US,US,Education & Instruction,Jan-20,11785,0.022727273,0.023081972
US,US,Education & Instruction,Feb-20,12662,0.024585756,0.023097902
US,US,Education & Instruction,Mar-20,8656,0.029294572,0.025535867
US,US,Education & Instruction,Apr-20,4498,0.034821032,0.02956712
US,US,Education & Instruction,May-20,6740,0.01337845,0.025831351
US,US,Education & Instruction,Jun-20,8655,0,0.016066494
US,US,Education & Instruction,Jul-20,13093,0.004514668,0.005964373
US,US,Education & Instruction,Aug-20,15947,0.01113889,0.005217853
US,US,Education & Instruction,Sep-20,13519,0.001481481,0.00571168
US,US,Education & Instruction,Oct-20,12846,0.017857143,0.010159171
US,US,Education & Instruction,Nov-20,8751,0,0.006446208
US,US,Education & Instruction,Dec-20,8805,0,0.005952381
US,US,Education & Instruction,Jan-21,13227,0.0125,0.004166667
US,US,Education & Instruction,Feb-21,14243,0.025820505,0.012773502
US,US,Education & Instruction,Mar-21,16901,0.020007787,0.019442764
US,US,Education & Instruction,Apr-21,15075,0,0.015276098
US,US,Education & Instruction,May-21,17045,0.041046483,0.020351423
US,US,Education & Instruction,Jun-21,19330,0.037037037,0.02602784
US,US,Education & Instruction,Jul-21,26011,0.056603774,0.044895764
US,US,Education & Instruction,Aug-21,26111,0.0625,0.052046937
US,US,Education & Instruction,Sep-21,21928,0.071428571,0.063510782
US,US,Education & Instruction,Oct-21,20663,0.076923077,0.070283883
US,US,Education & Instruction,Nov-21,16403,0.072359222,0.07357029
US,US,Education & Instruction,Dec-21,16545,0.081081081,0.076787793
US,US,Education & Instruction,Jan-22,19327,0.077857154,0.077099152
US,US,Education & Instruction,Feb-22,22443,0.075757576,0.078231937
US,US,Education & Instruction,Mar-22,28322,0.063225808,0.072280179
US,US,Education & Instruction,Apr-22,25755,0.078072138,0.072351841
US,US,Education & Instruction,May-22,24110,0.073043699,0.071447215
US,US,Education & Instruction,Jun-22,26138,0.078362406,0.076492748
US,US,Education & Instruction,Jul-22,33120,0.078147066,0.076517724
US,US,Education & Instruction,Aug-22,37643,0.081540983,0.079350152
US,US,Education & Instruction,Sep-22,31390,0.088082902,0.082590317
US,US,Education & Instruction,Oct-22,28220,0.079005592,0.082876492
US,US,Education & Instruction,Nov-22,25667,0.076923077,0.08133719
US,US,Education & Instruction,Dec-22,22828,0.074074074,0.076667581
US,US,Education & Instruction,Jan-23,29574,0.075847653,0.075614935
US,US,Education & Instruction,Feb-23,29425,0.063829787,0.071250505
US,US,Education & Instruction,Mar-23,37172,0.069749975,0.069809138
US,US,Education & Instruction,Apr-23,32301,0.061571117,0.065050293
US,US,Education & Instruction,May-23,32588,0.06,0.063773697
US,US,Education & Instruction,Jun-23,33249,0.052631579,0.058067565
US,US,Education & Instruction,Jul-23,36730,0.052631579,0.055087719
US,US,Education & Instruction,Aug-23,42990,0.049242936,0.051502031
US,US,Education & Instruction,Sep-23,34862,0.044117647,0.048664054
US,US,Education & Instruction,Oct-23,31262,0.041392266,0.044917617
US,US,Education & Instruction,Nov-23,28763,0.045307918,0.043605944
US,US,Education & Instruction,Dec-23,26299,0.046511628,0.044403937
US,US,Education & Instruction,Jan-24,33751,0.038961039,0.043593528
US,US,Education & Instruction,Feb-24,35470,0.041666667,0.042379778
US,US,Education & Instruction,Mar-24,36788,0.032258065,0.03762859
US,US,Education & Instruction,Apr-24,34930,0.038810882,0.037578538
US,US,Education & Instruction,May-24,34177,0.045112324,0.03872709
US,US,Education & Instruction,Jun-24,32687,0.043478261,0.042467156
US,US,Education & Instruction,Jul-24,38896,0.04344914,0.044013242
US,US,Education & Instruction,Aug-24,45531,0.047619048,0.044848816
US,US,Education & Instruction,Sep-24,34203,0.0466203,0.045896163
US,US,Education & Instruction,Oct-24,32436,0.044320596,0.046186648
US,US,Education & Instruction,Nov-24,26883,0.044791161,0.045244019
US,US,Education & Instruction,Dec-24,24886,0.035329156,0.041480304
US,US,Education & Instruction,Jan-25,33115,0.0390625,0.039727605
US,US,Food Preparation & Service,Jan-19,16452,0.043478261,NA
US,US,Food Preparation & Service,Feb-19,17794,0.041666667,NA
US,US,Food Preparation & Service,Mar-19,27001,0.04265401,0.042599646
US,US,Food Preparation & Service,Apr-19,27685,0.041666667,0.041995781
US,US,Food Preparation & Service,May-19,27947,0.037924144,0.040748273
US,US,Food Preparation & Service,Jun-19,23149,0.038757633,0.039449481
US,US,Food Preparation & Service,Jul-19,24809,0.037037037,0.037906271
US,US,Food Preparation & Service,Aug-19,31256,0.038461538,0.038085403
US,US,Food Preparation & Service,Sep-19,24039,0.034116378,0.036538318
US,US,Food Preparation & Service,Oct-19,27551,0.029732438,0.034103451
US,US,Food Preparation & Service,Nov-19,22401,0.03125,0.031699605
US,US,Food Preparation & Service,Dec-19,19497,0.035714286,0.032232241
US,US,Food Preparation & Service,Jan-20,25563,0.022727273,0.029897186
US,US,Food Preparation & Service,Feb-20,30480,0.024537521,0.027659693
US,US,Food Preparation & Service,Mar-20,21660,0.02173913,0.023001308
US,US,Food Preparation & Service,Apr-20,9383,0,0.015425551
US,US,Food Preparation & Service,May-20,21836,0,0.007246377
US,US,Food Preparation & Service,Jun-20,30112,0.010416667,0.003472222
US,US,Food Preparation & Service,Jul-20,32701,0.0011919,0.003869522
US,US,Food Preparation & Service,Aug-20,36837,0.010200005,0.007269524
US,US,Food Preparation & Service,Sep-20,38263,0.014084507,0.008492137
US,US,Food Preparation & Service,Oct-20,42571,0.020408163,0.014897558
US,US,Food Preparation & Service,Nov-20,26752,0.01754386,0.01734551
US,US,Food Preparation & Service,Dec-20,22946,0.020408163,0.019453395
US,US,Food Preparation & Service,Jan-21,35977,0.034482759,0.024144927
US,US,Food Preparation & Service,Feb-21,45445,0.047619048,0.03416999
US,US,Food Preparation & Service,Mar-21,74565,0.063203464,0.04843509
US,US,Food Preparation & Service,Apr-21,70643,0.1,0.07027417
US,US,Food Preparation & Service,May-21,74351,0.125,0.096067821
US,US,Food Preparation & Service,Jun-21,77037,0.125,0.116666667
US,US,Food Preparation & Service,Jul-21,81697,0.132075472,0.127358491
US,US,Food Preparation & Service,Aug-21,78076,0.136363636,0.131146369
US,US,Food Preparation & Service,Sep-21,74481,0.142857143,0.13709875
US,US,Food Preparation & Service,Oct-21,72808,0.14754098399999999,0.142253921
US,US,Food Preparation & Service,Nov-21,64144,0.155555556,0.148651227
US,US,Food Preparation & Service,Dec-21,57992,0.157894737,0.153663759
US,US,Food Preparation & Service,Jan-22,61661,0.14893617,0.154128821
US,US,Food Preparation & Service,Feb-22,69567,0.130136957,0.145655955
US,US,Food Preparation & Service,Mar-22,101746,0.130434783,0.136502637
US,US,Food Preparation & Service,Apr-22,98615,0.12,0.126857246
US,US,Food Preparation & Service,May-22,94825,0.1,0.116811594
US,US,Food Preparation & Service,Jun-22,78131,0.088888889,0.102962963
US,US,Food Preparation & Service,Jul-22,86242,0.083333333,0.090740741
US,US,Food Preparation & Service,Aug-22,101888,0.087542101,0.086588108
US,US,Food Preparation & Service,Sep-22,92437,0.073809309,0.081561581
US,US,Food Preparation & Service,Oct-22,88574,0.071428571,0.077593327
US,US,Food Preparation & Service,Nov-22,76611,0.068965517,0.071401133
US,US,Food Preparation & Service,Dec-22,64090,0.064814815,0.068402968
US,US,Food Preparation & Service,Jan-23,73788,0.062650966,0.065477099
US,US,Food Preparation & Service,Feb-23,72251,0.066666667,0.064710816
US,US,Food Preparation & Service,Mar-23,94745,0.056603774,0.061973802
US,US,Food Preparation & Service,Apr-23,92541,0.05,0.057756813
US,US,Food Preparation & Service,May-23,93725,0.05,0.052201258
US,US,Food Preparation & Service,Jun-23,81733,0.047033663,0.049011221
US,US,Food Preparation & Service,Jul-23,80676,0.043478261,0.046837308
US,US,Food Preparation & Service,Aug-23,95510,0.038297872,0.042936599
US,US,Food Preparation & Service,Sep-23,84300,0.038461538,0.040079224
US,US,Food Preparation & Service,Oct-23,86002,0.035714286,0.037491232
US,US,Food Preparation & Service,Nov-23,70644,0.034482759,0.036219528
US,US,Food Preparation & Service,Dec-23,63165,0.034482759,0.034893268
US,US,Food Preparation & Service,Jan-24,70687,0.029411765,0.032792427
US,US,Food Preparation & Service,Feb-24,70102,0.025,0.029631508
US,US,Food Preparation & Service,Mar-24,85398,0.02426067,0.026224145
US,US,Food Preparation & Service,Apr-24,79840,0.024390244,0.024550305
US,US,Food Preparation & Service,May-24,78226,0.023385413,0.024012109
US,US,Food Preparation & Service,Jun-24,65814,0.028571429,0.025449029
US,US,Food Preparation & Service,Jul-24,64440,0.027777778,0.026578207
US,US,Food Preparation & Service,Aug-24,73516,0.027045531,0.027798246
US,US,Food Preparation & Service,Sep-24,64998,0.02790758,0.027576963
US,US,Food Preparation & Service,Oct-24,62240,0.028571429,0.027841513
US,US,Food Preparation & Service,Nov-24,48560,0.022696959,0.026391989
US,US,Food Preparation & Service,Dec-24,42352,0.024256443,0.025174944
US,US,Food Preparation & Service,Jan-25,54197,0.027027027,0.024660143
US,US,Installation & Maintenance,Jan-19,22006,0.033333333,NA
US,US,Installation & Maintenance,Feb-19,23121,0.039930663,NA
US,US,Installation & Maintenance,Mar-19,32079,0.035087719,0.036117239
US,US,Installation & Maintenance,Apr-19,32421,0.037037037,0.037351807
US,US,Installation & Maintenance,May-19,33093,0.030733476,0.034286078
US,US,Installation & Maintenance,Jun-19,29241,0.034065938,0.033945484
US,US,Installation & Maintenance,Jul-19,28978,0.029411765,0.031403726
US,US,Installation & Maintenance,Aug-19,33113,0.035714286,0.033063996
US,US,Installation & Maintenance,Sep-19,21876,0.019689739,0.02827193
US,US,Installation & Maintenance,Oct-19,28612,0.024096386,0.026500137
US,US,Installation & Maintenance,Nov-19,23072,0.025974026,0.023253384
US,US,Installation & Maintenance,Dec-19,20323,0.016530055,0.022200155
US,US,Installation & Maintenance,Jan-20,34573,0.022222222,0.021575434
US,US,Installation & Maintenance,Feb-20,39676,0.018237282,0.01899652
US,US,Installation & Maintenance,Mar-20,39460,0.031484541,0.023981348
US,US,Installation & Maintenance,Apr-20,32109,0.025641026,0.02512095
US,US,Installation & Maintenance,May-20,43347,0.019417476,0.025514347
US,US,Installation & Maintenance,Jun-20,44980,0.015118403,0.020058968
US,US,Installation & Maintenance,Jul-20,56063,0.018518519,0.017684799
US,US,Installation & Maintenance,Aug-20,52831,0.01897,0.017535641
US,US,Installation & Maintenance,Sep-20,50757,0.028571429,0.022019982
US,US,Installation & Maintenance,Oct-20,51773,0.03125,0.02626381
US,US,Installation & Maintenance,Nov-20,39164,0.029411765,0.029744398
US,US,Installation & Maintenance,Dec-20,40706,0.029411765,0.03002451
US,US,Installation & Maintenance,Jan-21,53222,0.038804945,0.032542825
US,US,Installation & Maintenance,Feb-21,63259,0.049180328,0.039132346
US,US,Installation & Maintenance,Mar-21,80793,0.044336846,0.044107373
US,US,Installation & Maintenance,Apr-21,78862,0.050543534,0.048020236
US,US,Installation & Maintenance,May-21,76494,0.071428571,0.055436317
US,US,Installation & Maintenance,Jun-21,82503,0.075,0.065657368
US,US,Installation & Maintenance,Jul-21,78183,0.082715,0.07638119
US,US,Installation & Maintenance,Aug-21,66931,0.085714286,0.081143095
US,US,Installation & Maintenance,Sep-21,66509,0.080645161,0.083024816
US,US,Installation & Maintenance,Oct-21,64023,0.084337349,0.083565599
US,US,Installation & Maintenance,Nov-21,54790,0.088607595,0.084530035
US,US,Installation & Maintenance,Dec-21,56273,0.086956522,0.086633822
US,US,Installation & Maintenance,Jan-22,65570,0.08600527,0.087189796
US,US,Installation & Maintenance,Feb-22,71194,0.086956522,0.086639438
US,US,Installation & Maintenance,Mar-22,92699,0.09375,0.088903931
US,US,Installation & Maintenance,Apr-22,88818,0.090909091,0.090538538
US,US,Installation & Maintenance,May-22,85665,0.085106383,0.089921825
US,US,Installation & Maintenance,Jun-22,86861,0.078431373,0.084815615
US,US,Installation & Maintenance,Jul-22,93061,0.075,0.079512585
US,US,Installation & Maintenance,Aug-22,99812,0.078947368,0.07745958
US,US,Installation & Maintenance,Sep-22,91542,0.071428591,0.07512532
US,US,Installation & Maintenance,Oct-22,89125,0.074568554,0.074981505
US,US,Installation & Maintenance,Nov-22,79608,0.066666667,0.070887937
US,US,Installation & Maintenance,Dec-22,76250,0.0625,0.06791174
US,US,Installation & Maintenance,Jan-23,91772,0.065217391,0.064794686
US,US,Installation & Maintenance,Feb-23,88233,0.069090911,0.065602767
US,US,Installation & Maintenance,Mar-23,113076,0.060606061,0.064971454
US,US,Installation & Maintenance,Apr-23,106708,0.059166654,0.062954542
US,US,Installation & Maintenance,May-23,107440,0.055555556,0.058442757
US,US,Installation & Maintenance,Jun-23,107448,0.051835059,0.05551909
US,US,Installation & Maintenance,Jul-23,103738,0.047619048,0.051669887
US,US,Installation & Maintenance,Aug-23,117569,0.045597708,0.048350605
US,US,Installation & Maintenance,Sep-23,104215,0.048780488,0.047332414
US,US,Installation & Maintenance,Oct-23,99282,0.044117647,0.046165281
US,US,Installation & Maintenance,Nov-23,89081,0.042061373,0.044986503
US,US,Installation & Maintenance,Dec-23,80678,0.043360436,0.043179819
US,US,Installation & Maintenance,Jan-24,98467,0.037037037,0.040819615
US,US,Installation & Maintenance,Feb-24,96098,0.037037037,0.039144837
US,US,Installation & Maintenance,Mar-24,103689,0.034482759,0.036185611
US,US,Installation & Maintenance,Apr-24,93760,0.032857134,0.03479231
US,US,Installation & Maintenance,May-24,96748,0.03125,0.032863298
US,US,Installation & Maintenance,Jun-24,92978,0.030927835,0.031678323
US,US,Installation & Maintenance,Jul-24,86971,0.028838666,0.030338834
US,US,Installation & Maintenance,Aug-24,95139,0.031927963,0.030564821
US,US,Installation & Maintenance,Sep-24,79438,0.027777778,0.029514802
US,US,Installation & Maintenance,Oct-24,79494,0.034754709,0.031486817
US,US,Installation & Maintenance,Nov-24,64978,0.030769231,0.031100573
US,US,Installation & Maintenance,Dec-24,58554,0.02962963,0.031717857
US,US,Installation & Maintenance,Jan-25,86119,0.026727295,0.029042052
US,US,Management,Jan-19,9315,0.02,NA
US,US,Management,Feb-19,9071,0.019419306,NA
US,US,Management,Mar-19,11948,0.03440861,0.024609306
US,US,Management,Apr-19,11376,0.027402402,0.027076773
US,US,Management,May-19,11884,0.022831526,0.02821418
US,US,Management,Jun-19,10766,0.035714286,0.028649405
US,US,Management,Jul-19,10705,0.037037037,0.03186095
US,US,Management,Aug-19,12890,0.034482759,0.035744694
US,US,Management,Sep-19,9419,0.015118031,0.028879276
US,US,Management,Oct-19,12877,0.035714286,0.028438358
US,US,Management,Nov-19,10696,0.027450654,0.026094323
US,US,Management,Dec-19,9765,0.019993246,0.027719395
US,US,Management,Jan-20,14211,0.022727273,0.023390391
US,US,Management,Feb-20,14702,0.041666667,0.028129062
US,US,Management,Mar-20,11175,0.028571429,0.030988456
US,US,Management,Apr-20,8549,0.027777778,0.032671958
US,US,Management,May-20,12648,0.023255814,0.026535007
US,US,Management,Jun-20,13471,0.020408163,0.023813918
US,US,Management,Jul-20,16780,0.018884674,0.020849551
US,US,Management,Aug-20,17394,0.01680791,0.018700249
US,US,Management,Sep-20,18478,0.04,0.025230861
US,US,Management,Oct-20,19319,0.037037037,0.031281649
US,US,Management,Nov-20,15067,0.035087719,0.037374919
US,US,Management,Dec-20,14530,0.047619048,0.039914601
US,US,Management,Jan-21,21676,0.035245411,0.039317393
US,US,Management,Feb-21,23499,0.037037037,0.039967165
US,US,Management,Mar-21,29514,0.028571429,0.033617959
US,US,Management,Apr-21,28936,0.049019608,0.038209358
US,US,Management,May-21,32386,0.066666667,0.048085901
US,US,Management,Jun-21,34731,0.071428571,0.062371615
US,US,Management,Jul-21,36051,0.079772727,0.072622655
US,US,Management,Aug-21,35682,0.076923077,0.076041459
US,US,Management,Sep-21,34407,0.076923077,0.07787296
US,US,Management,Oct-21,35371,0.076923077,0.076923077
US,US,Management,Nov-21,31306,0.074074074,0.075973409
US,US,Management,Dec-21,31288,0.071428571,0.074141907
US,US,Management,Jan-22,37318,0.083538588,0.076347078
US,US,Management,Feb-22,39522,0.077032964,0.077333375
US,US,Management,Mar-22,51466,0.080645161,0.080405571
US,US,Management,Apr-22,50143,0.069228571,0.075635566
US,US,Management,May-22,50879,0.072463768,0.0741125
US,US,Management,Jun-22,46646,0.073066053,0.071586131
US,US,Management,Jul-22,49542,0.07893679,0.074822203
US,US,Management,Aug-22,53339,0.071318001,0.074440281
US,US,Management,Sep-22,51777,0.065212093,0.071822295
US,US,Management,Oct-22,49948,0.073170732,0.069900275
US,US,Management,Nov-22,45681,0.074074074,0.070818966
US,US,Management,Dec-22,42929,0.074626866,0.073957224
US,US,Management,Jan-23,51420,0.081395349,0.076698763
US,US,Management,Feb-23,49498,0.074074074,0.076698763
US,US,Management,Mar-23,62937,0.071428571,0.075632665
US,US,Management,Apr-23,62094,0.063829787,0.069777478
US,US,Management,May-23,65828,0.06779661,0.06768499
US,US,Management,Jun-23,63352,0.057692308,0.063106235
US,US,Management,Jul-23,59651,0.047619048,0.057702655
US,US,Management,Aug-23,68080,0.05,0.051770452
US,US,Management,Sep-23,64036,0.045454545,0.047691198
US,US,Management,Oct-23,65901,0.036060136,0.043838227
US,US,Management,Nov-23,57073,0.033333333,0.038282672
US,US,Management,Dec-23,50686,0.030095349,0.033162939
US,US,Management,Jan-24,63443,0.024734975,0.029387886
US,US,Management,Feb-24,60387,0.025303029,0.026711118
US,US,Management,Mar-24,68816,0.030864198,0.026967401
US,US,Management,Apr-24,60988,0.025641026,0.027269417
US,US,Management,May-24,66040,0.026315789,0.027607004
US,US,Management,Jun-24,56208,0.029411765,0.02712286
US,US,Management,Jul-24,54612,0.041628691,0.032452082
US,US,Management,Aug-24,58884,0.039473684,0.036838047
US,US,Management,Sep-24,52083,0.040540541,0.040547638
US,US,Management,Oct-24,55404,0.042900964,0.04097173
US,US,Management,Nov-24,43768,0.045751634,0.04306438
US,US,Management,Dec-24,40355,0.038441569,0.042364722
US,US,Management,Jan-25,56396,0.045751634,0.043314946
US,US,Production & Manufacturing,Jan-19,4643,0.045454545,NA
US,US,Production & Manufacturing,Feb-19,4297,0.041666667,NA
US,US,Production & Manufacturing,Mar-19,6030,0.04028357,0.042468261
US,US,Production & Manufacturing,Apr-19,5983,0.05,0.043983412
US,US,Production & Manufacturing,May-19,6359,0.041960094,0.044081221
US,US,Production & Manufacturing,Jun-19,5964,0.038648245,0.043536113
US,US,Production & Manufacturing,Jul-19,5784,0.030401507,0.037003282
US,US,Production & Manufacturing,Aug-19,7312,0.034482759,0.034510837
US,US,Production & Manufacturing,Sep-19,4473,0.040825203,0.035236489
US,US,Production & Manufacturing,Oct-19,6427,0.038047707,0.037785223
US,US,Production & Manufacturing,Nov-19,4722,0.03030303,0.03639198
US,US,Production & Manufacturing,Dec-19,3484,0.028027686,0.032126141
US,US,Production & Manufacturing,Jan-20,5958,0.031993681,0.030108132
US,US,Production & Manufacturing,Feb-20,6986,0.030612245,0.030211204
US,US,Production & Manufacturing,Mar-20,7067,0.037037037,0.033214321
US,US,Production & Manufacturing,Apr-20,5257,0.038461538,0.035370273
US,US,Production & Manufacturing,May-20,7180,0.029411765,0.034970113
US,US,Production & Manufacturing,Jun-20,8800,0.023544805,0.030472703
US,US,Production & Manufacturing,Jul-20,10555,0.029411765,0.027456112
US,US,Production & Manufacturing,Aug-20,11855,0.04,0.030985523
US,US,Production & Manufacturing,Sep-20,11452,0.04,0.036470588
US,US,Production & Manufacturing,Oct-20,12614,0.037515939,0.03917198
US,US,Production & Manufacturing,Nov-20,8570,0.041141911,0.039552617
US,US,Production & Manufacturing,Dec-20,7743,0.057417582,0.045358477
US,US,Production & Manufacturing,Jan-21,12780,0.048474587,0.04901136
US,US,Production & Manufacturing,Feb-21,14232,0.049180328,0.051690832
US,US,Production & Manufacturing,Mar-21,18649,0.055555556,0.051070157
US,US,Production & Manufacturing,Apr-21,19150,0.061499572,0.055411818
US,US,Production & Manufacturing,May-21,20046,0.094285192,0.070446773
US,US,Production & Manufacturing,Jun-21,21150,0.09375,0.083178255
US,US,Production & Manufacturing,Jul-21,21284,0.108333333,0.098789509
US,US,Production & Manufacturing,Aug-21,19557,0.095032841,0.099038725
US,US,Production & Manufacturing,Sep-21,20280,0.1,0.101122058
US,US,Production & Manufacturing,Oct-21,21118,0.111111111,0.102047984
US,US,Production & Manufacturing,Nov-21,16326,0.115384615,0.108831909
US,US,Production & Manufacturing,Dec-21,15805,0.103448276,0.109981334
US,US,Production & Manufacturing,Jan-22,20195,0.111111111,0.109981334
US,US,Production & Manufacturing,Feb-22,22242,0.1,0.104853129
US,US,Production & Manufacturing,Mar-22,28135,0.105882353,0.105664488
US,US,Production & Manufacturing,Apr-22,26046,0.1,0.101960784
US,US,Production & Manufacturing,May-22,24620,0.088607595,0.098163316
US,US,Production & Manufacturing,Jun-22,24062,0.085312486,0.091306694
US,US,Production & Manufacturing,Jul-22,25502,0.085714286,0.086544789
US,US,Production & Manufacturing,Aug-22,28837,0.087884806,0.086303859
US,US,Production & Manufacturing,Sep-22,27435,0.076923077,0.08350739
US,US,Production & Manufacturing,Oct-22,25892,0.076923077,0.080576987
US,US,Production & Manufacturing,Nov-22,22139,0.059635241,0.071160465
US,US,Production & Manufacturing,Dec-22,19631,0.059206962,0.065255093
US,US,Production & Manufacturing,Jan-23,24913,0.06089321,0.059911804
US,US,Production & Manufacturing,Feb-23,23049,0.059142848,0.059747673
US,US,Production & Manufacturing,Mar-23,28580,0.049586777,0.056540945
US,US,Production & Manufacturing,Apr-23,26774,0.051020408,0.053250011
US,US,Production & Manufacturing,May-23,27416,0.04666666,0.049091282
US,US,Production & Manufacturing,Jun-23,27827,0.047894172,0.04852708
US,US,Production & Manufacturing,Jul-23,25681,0.037037037,0.043865957
US,US,Production & Manufacturing,Aug-23,29565,0.037037037,0.040656082
US,US,Production & Manufacturing,Sep-23,26764,0.033333333,0.035802469
US,US,Production & Manufacturing,Oct-23,26104,0.032258065,0.034209478
US,US,Production & Manufacturing,Nov-23,21564,0.033288282,0.032959893
US,US,Production & Manufacturing,Dec-23,19438,0.036206904,0.03391775
US,US,Production & Manufacturing,Jan-24,24738,0.035353575,0.034949587
US,US,Production & Manufacturing,Feb-24,22708,0.035187815,0.035582765
US,US,Production & Manufacturing,Mar-24,24343,0.03030303,0.033614807
US,US,Production & Manufacturing,Apr-24,21726,0.027027027,0.030839291
US,US,Production & Manufacturing,May-24,20359,0.025641026,0.027657028
US,US,Production & Manufacturing,Jun-24,19451,0.026315789,0.026327947
US,US,Production & Manufacturing,Jul-24,18278,0.027027027,0.026327947
US,US,Production & Manufacturing,Aug-24,20247,0.025641026,0.026327947
US,US,Production & Manufacturing,Sep-24,17025,0.028571429,0.027079827
US,US,Production & Manufacturing,Oct-24,17761,0.029829551,0.028014002
US,US,Production & Manufacturing,Nov-24,13031,0.022727273,0.027042751
US,US,Production & Manufacturing,Dec-24,10565,0.02189781,0.024818211
US,US,Production & Manufacturing,Jan-25,17280,0.021276596,0.021967226
US,US,Dental,Jan-19,1776,0.017585682,NA
US,US,Dental,Feb-19,1804,0.0625,NA
US,US,Dental,Mar-19,2257,0.026666667,0.035584116
US,US,Dental,Apr-19,2401,0.031754032,0.0403069
US,US,Dental,May-19,2683,0.038253295,0.032224665
US,US,Dental,Jun-19,2348,0.029239766,0.033082365
US,US,Dental,Jul-19,2352,0.029411765,0.032301609
US,US,Dental,Aug-19,2601,0.026666667,0.028439399
US,US,Dental,Sep-19,2017,0.028571429,0.02821662
US,US,Dental,Oct-19,2376,0.020406752,0.025214949
US,US,Dental,Nov-19,2343,0.028571429,0.02584987
US,US,Dental,Dec-19,2248,0,0.01632606
US,US,Dental,Jan-20,4059,0.007142857,0.011904762
US,US,Dental,Feb-20,4098,-0.02189781,-0.004918318
US,US,Dental,Mar-20,2969,0,-0.004918318
US,US,Dental,Apr-20,1622,0,-0.00729927
US,US,Dental,May-20,6773,0,0
US,US,Dental,Jun-20,7702,0.013913043,0.004637681
US,US,Dental,Jul-20,8244,0.013992172,0.009301739
US,US,Dental,Aug-20,8401,0.038230519,0.022045245
US,US,Dental,Sep-20,7414,0.036607143,0.029609945
US,US,Dental,Oct-20,7066,0.03030303,0.035046898
US,US,Dental,Nov-20,5216,0.030776515,0.032562229
US,US,Dental,Dec-20,5693,0.047619048,0.036232864
US,US,Dental,Jan-21,8306,0.051956815,0.043450793
US,US,Dental,Feb-21,8345,0.05,0.049858621
US,US,Dental,Mar-21,9783,0.044210256,0.048722357
US,US,Dental,Apr-21,9897,0.0625,0.052236752
US,US,Dental,May-21,9928,0.0625,0.056403419
US,US,Dental,Jun-21,10158,0.057692308,0.060897436
US,US,Dental,Jul-21,9872,0.052631579,0.057607962
US,US,Dental,Aug-21,8841,0.055555556,0.055293147
US,US,Dental,Sep-21,8754,0.05,0.052729045
US,US,Dental,Oct-21,8188,0.052631579,0.052729045
US,US,Dental,Nov-21,6805,0.064838167,0.055823249
US,US,Dental,Dec-21,7239,0.064516129,0.060661958
US,US,Dental,Jan-22,8688,0.065217391,0.064857229
US,US,Dental,Feb-22,8478,0.049382716,0.059705412
US,US,Dental,Mar-22,10621,0.063291139,0.059297082
US,US,Dental,Apr-22,10504,0.061728395,0.058134083
US,US,Dental,May-22,10464,0.062238689,0.062419408
US,US,Dental,Jun-22,10590,0.050490384,0.05815249
US,US,Dental,Jul-22,11109,0.052631579,0.055120218
US,US,Dental,Aug-22,12395,0.057142857,0.053421607
US,US,Dental,Sep-22,11161,0.059882387,0.056552274
US,US,Dental,Oct-22,10779,0.052631579,0.056552274
US,US,Dental,Nov-22,9925,0.050857149,0.054457038
US,US,Dental,Dec-22,9147,0.048883812,0.050790846
US,US,Dental,Jan-23,12052,0.050957481,0.050232814
US,US,Dental,Feb-23,10755,0.069767442,0.056536245
US,US,Dental,Mar-23,13210,0.063498965,0.061407963
US,US,Dental,Apr-23,12759,0.054666667,0.062644358
US,US,Dental,May-23,12855,0.055555556,0.057907062
US,US,Dental,Jun-23,12869,0.059032212,0.056418145
US,US,Dental,Jul-23,12047,0.060474684,0.05835415
US,US,Dental,Aug-23,13914,0.056873315,0.058793404
US,US,Dental,Sep-23,12397,0.049382716,0.055576905
US,US,Dental,Oct-23,12175,0.05,0.052085344
US,US,Dental,Nov-23,11217,0.048780488,0.049387735
US,US,Dental,Dec-23,9869,0.046511628,0.048430705
US,US,Dental,Jan-24,14283,0.047338936,0.047543684
US,US,Dental,Feb-24,12470,0.05420094,0.049350501
US,US,Dental,Mar-24,12586,0.044875002,0.048804959
US,US,Dental,Apr-24,11883,0.048723583,0.049266508
US,US,Dental,May-24,12459,0.04356788,0.045722155
US,US,Dental,Jun-24,11525,0.045454545,0.045915336
US,US,Dental,Jul-24,11851,0.037932438,0.042318288
US,US,Dental,Aug-24,12600,0.047497006,0.043627996
US,US,Dental,Sep-24,11102,0.047619048,0.044349497
US,US,Dental,Oct-24,11360,0.047058824,0.047391626
US,US,Dental,Nov-24,9416,0.043779899,0.04615259
US,US,Dental,Dec-24,8187,0.039559657,0.043466126
US,US,Dental,Jan-25,12907,0.026162791,0.036500782
US,US,Nursing,Jan-19,9328,0.035714286,NA
US,US,Nursing,Feb-19,8589,0.029850746,NA
US,US,Nursing,Mar-19,10692,0.025641042,0.030402025
US,US,Nursing,Apr-19,10427,0.033195596,0.029562462
US,US,Nursing,May-19,10864,0.019867559,0.026234732
US,US,Nursing,Jun-19,10971,0.031746032,0.028269729
US,US,Nursing,Jul-19,11053,0.028571429,0.02672834
US,US,Nursing,Aug-19,12968,0.034482759,0.031600073
US,US,Nursing,Sep-19,10609,0.010258842,0.024437676
US,US,Nursing,Oct-19,12698,0.018518519,0.021086706
US,US,Nursing,Nov-19,11550,0.01680791,0.01519509
US,US,Nursing,Dec-19,11029,0.008000021,0.01444215
US,US,Nursing,Jan-20,15460,0.015943401,0.013583777
US,US,Nursing,Feb-20,18975,0.024099884,0.016014435
US,US,Nursing,Mar-20,18112,0.019419306,0.019820864
US,US,Nursing,Apr-20,18206,0.035176727,0.026231972
US,US,Nursing,May-20,20710,0.028981868,0.0278593
US,US,Nursing,Jun-20,21575,0.019607843,0.027922146
US,US,Nursing,Jul-20,27219,0.021512488,0.0233674
US,US,Nursing,Aug-20,27109,0.025723739,0.022281357
US,US,Nursing,Sep-20,28451,0.026548707,0.024594978
US,US,Nursing,Oct-20,32695,0.029411765,0.02722807
US,US,Nursing,Nov-20,28105,0.045112782,0.033691085
US,US,Nursing,Dec-20,31656,0.054545455,0.043023334
US,US,Nursing,Jan-21,38046,0.048465393,0.049374543
US,US,Nursing,Feb-21,39070,0.060766787,0.054592545
US,US,Nursing,Mar-21,46920,0.061538462,0.056923547
US,US,Nursing,Apr-21,52716,0.048951049,0.057085432
US,US,Nursing,May-21,51343,0.076923077,0.062470862
US,US,Nursing,Jun-21,47156,0.079192954,0.068355693
US,US,Nursing,Jul-21,44459,0.08490566,0.080340564
US,US,Nursing,Aug-21,39375,0.091304364,0.085134326
US,US,Nursing,Sep-21,41734,0.087494163,0.087901396
US,US,Nursing,Oct-21,42149,0.100956286,0.093251605
US,US,Nursing,Nov-21,39549,0.101501593,0.096650681
US,US,Nursing,Dec-21,44148,0.095930282,0.099462721
US,US,Nursing,Jan-22,45376,0.102131519,0.099854465
US,US,Nursing,Feb-22,46729,0.095726724,0.097929509
US,US,Nursing,Mar-22,57012,0.091836735,0.096564993
US,US,Nursing,Apr-22,53292,0.1,0.095854486
US,US,Nursing,May-22,52563,0.090909091,0.094248609
US,US,Nursing,Jun-22,55956,0.090066202,0.093658431
US,US,Nursing,Jul-22,63294,0.095945218,0.092306837
US,US,Nursing,Aug-22,71074,0.071428571,0.08581333
US,US,Nursing,Sep-22,67044,0.076923077,0.081432289
US,US,Nursing,Oct-22,71236,0.058823529,0.069058393
US,US,Nursing,Nov-22,75615,0.052300105,0.062682237
US,US,Nursing,Dec-22,83316,0.058537527,0.056553721
US,US,Nursing,Jan-23,85833,0.049382716,0.053406783
US,US,Nursing,Feb-23,80093,0.048385299,0.052101847
US,US,Nursing,Mar-23,94029,0.047619048,0.048462354
US,US,Nursing,Apr-23,88602,0.045602616,0.047202321
US,US,Nursing,May-23,94095,0.042253521,0.045158395
US,US,Nursing,Jun-23,95110,0.036935167,0.041597101
US,US,Nursing,Jul-23,89889,0.026282883,0.03515719
US,US,Nursing,Aug-23,100509,0.023255814,0.028824621
US,US,Nursing,Sep-23,98571,0.026542477,0.025360391
US,US,Nursing,Oct-23,96912,0.025,0.024932764
US,US,Nursing,Nov-23,89923,0.029953917,0.027165465
US,US,Nursing,Dec-23,89175,0.021057895,0.025337271
US,US,Nursing,Jan-24,95951,0.01664037,0.022550727
US,US,Nursing,Feb-24,94889,0.025907112,0.021201792
US,US,Nursing,Mar-24,94929,0.025576231,0.022707904
US,US,Nursing,Apr-24,80847,0.019846678,0.023776673
US,US,Nursing,May-24,81196,0.022099448,0.022507452
US,US,Nursing,Jun-24,71500,0.027027027,0.022991051
US,US,Nursing,Jul-24,70613,0.027081203,0.025402559
US,US,Nursing,Aug-24,74128,0.023381705,0.025829978
US,US,Nursing,Sep-24,69887,0.028571429,0.026344779
US,US,Nursing,Oct-24,73086,0.028571429,0.026841521
US,US,Nursing,Nov-24,63673,0.024390244,0.0271777
US,US,Nursing,Dec-24,59505,0.023255814,0.025405829
US,US,Nursing,Jan-25,74051,0.023099155,0.023581738
US,US,Medical Technician,Jan-19,3422,0.034482759,NA
US,US,Medical Technician,Feb-19,2981,0.041325137,NA
US,US,Medical Technician,Mar-19,3785,0.041241497,0.039016464
US,US,Medical Technician,Apr-19,3854,0.046776595,0.043114409
US,US,Medical Technician,May-19,3945,0.04,0.042672697
US,US,Medical Technician,Jun-19,3530,0.02,0.035592198
US,US,Medical Technician,Jul-19,3612,0.034482759,0.031494253
US,US,Medical Technician,Aug-19,4341,0.018937303,0.024473354
US,US,Medical Technician,Sep-19,3228,0.033333333,0.028917798
US,US,Medical Technician,Oct-19,4518,0.033333333,0.028534657
US,US,Medical Technician,Nov-19,4080,0.042129631,0.036265433
US,US,Medical Technician,Dec-19,3674,0.018181818,0.031214928
US,US,Medical Technician,Jan-20,7113,0.031578947,0.030630132
US,US,Medical Technician,Feb-20,7925,0.03125,0.027003589
US,US,Medical Technician,Mar-20,6893,0.03030303,0.031043993
US,US,Medical Technician,Apr-20,5275,0.032258065,0.031270365
US,US,Medical Technician,May-20,8907,0.028301887,0.030287661
US,US,Medical Technician,Jun-20,7734,0.035714286,0.032091412
US,US,Medical Technician,Jul-20,11202,0.047619048,0.03721174
US,US,Medical Technician,Aug-20,10694,0.038461538,0.040598291
US,US,Medical Technician,Sep-20,10792,0.032258065,0.039446217
US,US,Medical Technician,Oct-20,12433,0.036327655,0.035682419
US,US,Medical Technician,Nov-20,9641,0.034482759,0.034356159
US,US,Medical Technician,Dec-20,9978,0.036070628,0.035627014
US,US,Medical Technician,Jan-21,13425,0.034482759,0.035012048
US,US,Medical Technician,Feb-21,14643,0.053571429,0.041374938
US,US,Medical Technician,Mar-21,15622,0.04006981,0.042707999
US,US,Medical Technician,Apr-21,16494,0.056,0.049880413
US,US,Medical Technician,May-21,18176,0.080645161,0.05890499
US,US,Medical Technician,Jun-21,18819,0.058823529,0.06515623
US,US,Medical Technician,Jul-21,17891,0.04687793,0.06211554
US,US,Medical Technician,Aug-21,17184,0.073170732,0.059624064
US,US,Medical Technician,Sep-21,17653,0.076923077,0.065657246
US,US,Medical Technician,Oct-21,17827,0.088799283,0.079631031
US,US,Medical Technician,Nov-21,15545,0.1,0.08857412
US,US,Medical Technician,Dec-21,16731,0.1,0.096266428
US,US,Medical Technician,Jan-22,18466,0.102744546,0.100914849
US,US,Medical Technician,Feb-22,17695,0.093635559,0.098793368
US,US,Medical Technician,Mar-22,22236,0.095498682,0.097292929
US,US,Medical Technician,Apr-22,21685,0.090909091,0.093347777
US,US,Medical Technician,May-22,20560,0.083333333,0.089913702
US,US,Medical Technician,Jun-22,20979,0.1,0.091414141
US,US,Medical Technician,Jul-22,22580,0.09375,0.092361111
US,US,Medical Technician,Aug-22,25326,0.083333333,0.092361111
US,US,Medical Technician,Sep-22,24639,0.069014106,0.08203248
US,US,Medical Technician,Oct-22,24878,0.068224811,0.073524083
US,US,Medical Technician,Nov-22,24361,0.066666667,0.067968528
US,US,Medical Technician,Dec-22,24246,0.066666667,0.067186048
US,US,Medical Technician,Jan-23,27666,0.060105077,0.06447947
US,US,Medical Technician,Feb-23,26852,0.061042501,0.062604748
US,US,Medical Technician,Mar-23,33707,0.065503432,0.062217004
US,US,Medical Technician,Apr-23,31268,0.058823529,0.061789821
US,US,Medical Technician,May-23,33302,0.060606061,0.061644341
US,US,Medical Technician,Jun-23,33022,0.058823529,0.059417706
US,US,Medical Technician,Jul-23,30465,0.046473064,0.055300885
US,US,Medical Technician,Aug-23,34577,0.050701502,0.051999365
US,US,Medical Technician,Sep-23,33170,0.055555556,0.050910041
US,US,Medical Technician,Oct-23,32252,0.042574143,0.0496104
US,US,Medical Technician,Nov-23,30321,0.039546558,0.045892086
US,US,Medical Technician,Dec-23,28610,0.03833188,0.04015086
US,US,Medical Technician,Jan-24,34034,0.038461538,0.038779992
US,US,Medical Technician,Feb-24,33019,0.038632061,0.03847516
US,US,Medical Technician,Mar-24,33935,0.027027027,0.034706875
US,US,Medical Technician,Apr-24,31256,0.025,0.030219696
US,US,Medical Technician,May-24,31875,0.027372101,0.026466376
US,US,Medical Technician,Jun-24,29939,0.024091897,0.025487999
US,US,Medical Technician,Jul-24,29951,0.026666667,0.026043555
US,US,Medical Technician,Aug-24,33360,0.026548673,0.025769079
US,US,Medical Technician,Sep-24,29143,0.028571429,0.027262256
US,US,Medical Technician,Oct-24,30641,0.028571429,0.027897177
US,US,Medical Technician,Nov-24,27089,0.032608706,0.029917188
US,US,Medical Technician,Dec-24,24408,0.028571429,0.029917188
US,US,Medical Technician,Jan-25,31601,0.028571429,0.029917188
US,US,Security & Public Safety,Jan-19,5700,0.019999981,NA
US,US,Security & Public Safety,Feb-19,5396,0.038461538,NA
US,US,Security & Public Safety,Mar-19,7734,0.03226539,0.030242303
US,US,Security & Public Safety,Apr-19,7536,0.024099884,0.031608937
US,US,Security & Public Safety,May-19,7727,0.041000225,0.032455166
US,US,Security & Public Safety,Jun-19,6728,0.033560264,0.032886791
US,US,Security & Public Safety,Jul-19,6736,0.024782054,0.033114181
US,US,Security & Public Safety,Aug-19,8250,0.030203315,0.029515211
US,US,Security & Public Safety,Sep-19,5950,0.019896539,0.024960636
US,US,Security & Public Safety,Oct-19,7199,0.020620748,0.023573534
US,US,Security & Public Safety,Nov-19,6265,0.025015424,0.021844237
US,US,Security & Public Safety,Dec-19,5874,0.021065685,0.022233952
US,US,Security & Public Safety,Jan-20,7265,0.023255814,0.023112308
US,US,Security & Public Safety,Feb-20,8439,0.034482759,0.026268086
US,US,Security & Public Safety,Mar-20,8726,0.029128959,0.028955844
US,US,Security & Public Safety,Apr-20,6625,0.036207053,0.033272924
US,US,Security & Public Safety,May-20,8303,0.020687368,0.02867446
US,US,Security & Public Safety,Jun-20,8598,0.020220352,0.025704924
US,US,Security & Public Safety,Jul-20,10604,0.018867925,0.019925215
US,US,Security & Public Safety,Aug-20,10222,0.022727273,0.020605183
US,US,Security & Public Safety,Sep-20,9396,0.029080033,0.02355841
US,US,Security & Public Safety,Oct-20,10549,0.024954218,0.025587175
US,US,Security & Public Safety,Nov-20,8451,0.03125,0.028428084
US,US,Security & Public Safety,Dec-20,8508,0.020408163,0.025537461
US,US,Security & Public Safety,Jan-21,10825,0.021968883,0.024542349
US,US,Security & Public Safety,Feb-21,10858,0.030760664,0.024379237
US,US,Security & Public Safety,Mar-21,14974,0.027619733,0.026783093
US,US,Security & Public Safety,Apr-21,16335,0.0328667,0.030415699
US,US,Security & Public Safety,May-21,16040,0.049285684,0.036590706
US,US,Security & Public Safety,Jun-21,16288,0.066666667,0.04960635
US,US,Security & Public Safety,Jul-21,17228,0.066666667,0.060873006
US,US,Security & Public Safety,Aug-21,16068,0.074074074,0.069135802
US,US,Security & Public Safety,Sep-21,13973,0.083333333,0.074691358
US,US,Security & Public Safety,Oct-21,14996,0.080645161,0.079350856
US,US,Security & Public Safety,Nov-21,13063,0.1,0.087992832000000007
US,US,Security & Public Safety,Dec-21,13364,0.106138068,0.09559441
US,US,Security & Public Safety,Jan-22,15818,0.11062319,0.105587086
US,US,Security & Public Safety,Feb-22,15975,0.111111111,0.10929079
US,US,Security & Public Safety,Mar-22,20831,0.107142857,0.109625719
US,US,Security & Public Safety,Apr-22,20929,0.117647059,0.111967009
US,US,Security & Public Safety,May-22,19133,0.102999973,0.109263296
US,US,Security & Public Safety,Jun-22,17070,0.102040816,0.107562616
US,US,Security & Public Safety,Jul-22,16295,0.096774194,0.100604994
US,US,Security & Public Safety,Aug-22,18432,0.094782211,0.09786574
US,US,Security & Public Safety,Sep-22,15593,0.091212128,0.094256178
US,US,Security & Public Safety,Oct-22,16776,0.083876816,0.089957052
US,US,Security & Public Safety,Nov-22,15422,0.080322606,0.085137183
US,US,Security & Public Safety,Dec-22,15051,0.077339471,0.080512964
US,US,Security & Public Safety,Jan-23,16255,0.06724759,0.074969889
US,US,Security & Public Safety,Feb-23,14866,0.071849308,0.072145456
US,US,Security & Public Safety,Mar-23,18380,0.074074074,0.071056991
US,US,Security & Public Safety,Apr-23,17487,0.066666667,0.07086335
US,US,Security & Public Safety,May-23,16427,0.066666667,0.069135802
US,US,Security & Public Safety,Jun-23,16075,0.0625,0.065277778
US,US,Security & Public Safety,Jul-23,15979,0.052631579,0.060599415
US,US,Security & Public Safety,Aug-23,18975,0.047612348,0.054247976
US,US,Security & Public Safety,Sep-23,17004,0.045993985,0.048745971
US,US,Security & Public Safety,Oct-23,17707,0.041666667,0.045091
US,US,Security & Public Safety,Nov-23,15608,0.044117647,0.0439261
US,US,Security & Public Safety,Dec-23,15749,0.049328947,0.045037754
US,US,Security & Public Safety,Jan-24,17710,0.038730531,0.044059042
US,US,Security & Public Safety,Feb-24,17112,0.033333333,0.04046427
US,US,Security & Public Safety,Mar-24,18973,0.037037037,0.036366967
US,US,Security & Public Safety,Apr-24,16713,0.032258065,0.034209478
US,US,Security & Public Safety,May-24,15211,0.040156043,0.036483715
US,US,Security & Public Safety,Jun-24,13459,0.051408799,0.041274302
US,US,Security & Public Safety,Jul-24,13126,0.05,0.047188281
US,US,Security & Public Safety,Aug-24,14797,0.054598313,0.052002371
US,US,Security & Public Safety,Sep-24,12285,0.053082186,0.052560166
US,US,Security & Public Safety,Oct-24,13085,0.050598283,0.052759594
US,US,Security & Public Safety,Nov-24,10202,0.050083584,0.051254684
US,US,Security & Public Safety,Dec-24,9436,0.043223505,0.047968458
US,US,Security & Public Safety,Jan-25,12880,0.041621646,0.044976245
US,US,Retail,Jan-19,8852,0.028931841,NA
US,US,Retail,Feb-19,9477,0.043478261,NA
US,US,Retail,Mar-19,13082,0.043478261,0.038629454
US,US,Retail,Apr-19,13386,0.04,0.042318841
US,US,Retail,May-19,13126,0.04109589,0.041524717
US,US,Retail,Jun-19,10593,0.03407708,0.03839099
US,US,Retail,Jul-19,11240,0.023470007,0.032880993
US,US,Retail,Aug-19,14428,0.033333333,0.030293473
US,US,Retail,Sep-19,11631,0.040816327,0.032539889
US,US,Retail,Oct-19,14996,0.039149263,0.037766308
US,US,Retail,Nov-19,12083,0.024000015,0.034655202
US,US,Retail,Dec-19,10186,0.020182562,0.02777728
US,US,Retail,Jan-20,13364,0.030769231,0.024983936
US,US,Retail,Feb-20,16955,0.025,0.025317264
US,US,Retail,Mar-20,14369,0.017241379,0.02433687
US,US,Retail,Apr-20,9148,0.020620748,0.020954043
US,US,Retail,May-20,15039,0.005468741,0.014443623
US,US,Retail,Jun-20,17587,0.008333325,0.011474272
US,US,Retail,Jul-20,22067,0.035,0.016267355
US,US,Retail,Aug-20,25704,0.028571429,0.023968251
US,US,Retail,Sep-20,25393,0.035714286,0.033095238
US,US,Retail,Oct-20,28273,0.037037037,0.03377425
US,US,Retail,Nov-20,19519,0.038461538,0.037070954
US,US,Retail,Dec-20,16669,0.033333333,0.036277303
US,US,Retail,Jan-21,22976,0.036363636,0.036052836
US,US,Retail,Feb-21,24100,0.045454545,0.038383838000000003
US,US,Retail,Mar-21,35118,0.068181818,0.05
US,US,Retail,Apr-21,35295,0.084337349,0.065991238
US,US,Retail,May-21,36634,0.109090909,0.087203359
US,US,Retail,Jun-21,37099,0.096774194,0.096734151
US,US,Retail,Jul-21,39849,0.100917431,0.102260845
US,US,Retail,Aug-21,39588,0.1090009,0.102230842
US,US,Retail,Sep-21,39012,0.103448276,0.104455536
US,US,Retail,Oct-21,40928,0.112903226,0.108450801
US,US,Retail,Nov-21,34692,0.111111111,0.109154204
US,US,Retail,Dec-21,45411,0.125,0.116338112
US,US,Retail,Jan-22,37349,0.118644068,0.118251726
US,US,Retail,Feb-22,36106,0.113548947,0.119064338
US,US,Retail,Mar-22,47295,0.110147278,0.114113431
US,US,Retail,Apr-22,44103,0.096774194,0.106823473
US,US,Retail,May-22,45337,0.087762649,0.09822804
US,US,Retail,Jun-22,39468,0.083333333,0.089290059
US,US,Retail,Jul-22,42601,0.080357143,0.083817709
US,US,Retail,Aug-22,50331,0.081081081,0.081590519
US,US,Retail,Sep-22,47071,0.074037057,0.07849176
US,US,Retail,Oct-22,48141,0.069705163,0.074941101
US,US,Retail,Nov-22,48391,0.057142857,0.066961693
US,US,Retail,Dec-22,37248,0.05831281,0.061720277
US,US,Retail,Jan-23,42640,0.055037808,0.056831158
US,US,Retail,Feb-23,42613,0.058823529,0.057391382
US,US,Retail,Mar-23,51796,0.052631579,0.055497639
US,US,Retail,Apr-23,55354,0.049008364,0.053487824
US,US,Retail,May-23,50086,0.05,0.050546647
US,US,Retail,Jun-23,53163,0.044117647,0.04770867
US,US,Retail,Jul-23,53273,0.040634276,0.044917308
US,US,Retail,Aug-23,63964,0.037037037,0.04059632
US,US,Retail,Sep-23,57601,0.034482759,0.03738469
US,US,Retail,Oct-23,56150,0.03125,0.034256599
US,US,Retail,Nov-23,45211,0.037763028,0.034498596
US,US,Retail,Dec-23,41682,0.034482759,0.034498596
US,US,Retail,Jan-24,47160,0.02617801,0.032807932
US,US,Retail,Feb-24,45386,0.025744707,0.028801825
US,US,Retail,Mar-24,61405,0.016129032,0.022683917
US,US,Retail,Apr-24,48539,0.03030303,0.024058923
US,US,Retail,May-24,55163,0.017857143,0.021429735
US,US,Retail,Jun-24,46970,0.02189781,0.023352661
US,US,Retail,Jul-24,44766,0.021731636,0.02049553
US,US,Retail,Aug-24,47195,0.020521739,0.021383729
US,US,Retail,Sep-24,40703,0.022793651,0.021682342
US,US,Retail,Oct-24,37326,0.029411765,0.024242385
US,US,Retail,Nov-24,36666,0.00313044,0.018445285
US,US,Retail,Dec-24,24547,0.017964025,0.01683541
US,US,Retail,Jan-25,37931,0.014196505,0.011763657
US,US,Cleaning & Sanitation,Jan-19,10485,0.043478261,NA
US,US,Cleaning & Sanitation,Feb-19,11043,0.051428568,NA
US,US,Cleaning & Sanitation,Mar-19,14553,0.045454545,0.046787125
US,US,Cleaning & Sanitation,Apr-19,14159,0.045454545,0.047445886
US,US,Cleaning & Sanitation,May-19,15204,0.044281046,0.045063379
US,US,Cleaning & Sanitation,Jun-19,13530,0.038461538,0.042732377
US,US,Cleaning & Sanitation,Jul-19,13626,0.045454545,0.042732377
US,US,Cleaning & Sanitation,Aug-19,15455,0.048428705,0.04411493
US,US,Cleaning & Sanitation,Sep-19,12089,0.038461538,0.04411493
US,US,Cleaning & Sanitation,Oct-19,14136,0.037037037,0.041309094
US,US,Cleaning & Sanitation,Nov-19,11888,0.04,0.038499525
US,US,Cleaning & Sanitation,Dec-19,10813,0.034482759,0.037173265
US,US,Cleaning & Sanitation,Jan-20,13916,0.025641026,0.033374595
US,US,Cleaning & Sanitation,Feb-20,16790,0.03233,0.030817928
US,US,Cleaning & Sanitation,Mar-20,14366,0.034113736,0.03069492
US,US,Cleaning & Sanitation,Apr-20,8405,0.041666667,0.036036801
US,US,Cleaning & Sanitation,May-20,14829,0.027777778,0.034519393
US,US,Cleaning & Sanitation,Jun-20,19577,0.020779201,0.030074548
US,US,Cleaning & Sanitation,Jul-20,23677,0.029411765,0.025989581
US,US,Cleaning & Sanitation,Aug-20,23291,0.038461538,0.029550835
US,US,Cleaning & Sanitation,Sep-20,22280,0.037037037,0.034970113
US,US,Cleaning & Sanitation,Oct-20,24047,0.05,0.041832858
US,US,Cleaning & Sanitation,Nov-20,16670,0.045454545,0.044163861
US,US,Cleaning & Sanitation,Dec-20,16488,0.058823529,0.051426025
US,US,Cleaning & Sanitation,Jan-21,21616,0.054513495,0.052930523
US,US,Cleaning & Sanitation,Feb-21,24266,0.068181818,0.060506281
US,US,Cleaning & Sanitation,Mar-21,35300,0.071428571,0.064707962
US,US,Cleaning & Sanitation,Apr-21,35758,0.073170732,0.07092704
US,US,Cleaning & Sanitation,May-21,35362,0.104938272,0.083179192
US,US,Cleaning & Sanitation,Jun-21,36320,0.117647059,0.098585354
US,US,Cleaning & Sanitation,Jul-21,35420,0.12,0.11419511
US,US,Cleaning & Sanitation,Aug-21,32470,0.122807018,0.120151359
US,US,Cleaning & Sanitation,Sep-21,30605,0.125,0.122602339
US,US,Cleaning & Sanitation,Oct-21,30502,0.136363636,0.128056885
US,US,Cleaning & Sanitation,Nov-21,26666,0.129032258,0.130131965
US,US,Cleaning & Sanitation,Dec-21,25687,0.132653061,0.132682985
US,US,Cleaning & Sanitation,Jan-22,26355,0.12962963,0.130438316
US,US,Cleaning & Sanitation,Feb-22,29121,0.125,0.12909423
US,US,Cleaning & Sanitation,Mar-22,38827,0.125833352,0.126820994
US,US,Cleaning & Sanitation,Apr-22,36732,0.12,0.123611117
US,US,Cleaning & Sanitation,May-22,34731,0.111111111,0.118981488
US,US,Cleaning & Sanitation,Jun-22,32173,0.108695652,0.113268921
US,US,Cleaning & Sanitation,Jul-22,33051,0.092498216,0.10410166
US,US,Cleaning & Sanitation,Aug-22,35502,0.090909091,0.097367653
US,US,Cleaning & Sanitation,Sep-22,33757,0.081081081,0.088162796
US,US,Cleaning & Sanitation,Oct-22,34202,0.076923077,0.082971083
US,US,Cleaning & Sanitation,Nov-22,29619,0.071428571,0.076477576
US,US,Cleaning & Sanitation,Dec-22,27584,0.071428571,0.073260073
US,US,Cleaning & Sanitation,Jan-23,29541,0.071428571,0.071428571
US,US,Cleaning & Sanitation,Feb-23,28718,0.07,0.070952381
US,US,Cleaning & Sanitation,Mar-23,36135,0.066666667,0.069365079
US,US,Cleaning & Sanitation,Apr-23,33749,0.058333333,0.065
US,US,Cleaning & Sanitation,May-23,33660,0.057417582,0.060805861
US,US,Cleaning & Sanitation,Jun-23,32514,0.05,0.055250305
US,US,Cleaning & Sanitation,Jul-23,30760,0.041666667,0.04969475
US,US,Cleaning & Sanitation,Aug-23,34119,0.042253521,0.044640063
US,US,Cleaning & Sanitation,Sep-23,30619,0.049809148,0.044576445
US,US,Cleaning & Sanitation,Oct-23,30136,0.042763196,0.044941955
US,US,Cleaning & Sanitation,Nov-23,26366,0.05,0.047524115
US,US,Cleaning & Sanitation,Dec-23,22900,0.038461538,0.043741578
US,US,Cleaning & Sanitation,Jan-24,25932,0.040169589,0.042877042
US,US,Cleaning & Sanitation,Feb-24,26843,0.041666667,0.040099265
US,US,Cleaning & Sanitation,Mar-24,30829,0.036585366,0.039473874
US,US,Cleaning & Sanitation,Apr-24,28629,0.036363636,0.038205223
US,US,Cleaning & Sanitation,May-24,28826,0.032129033,0.035026012
US,US,Cleaning & Sanitation,Jun-24,26175,0.032258065,0.033583578
US,US,Cleaning & Sanitation,Jul-24,25194,0.037705634,0.03403091
US,US,Cleaning & Sanitation,Aug-24,27244,0.033615819,0.034526506
US,US,Cleaning & Sanitation,Sep-24,23672,0.033333333,0.034884929
US,US,Cleaning & Sanitation,Oct-24,24432,0.029411774,0.032120309
US,US,Cleaning & Sanitation,Nov-24,19383,0.03030303,0.031016046
US,US,Cleaning & Sanitation,Dec-24,17191,0.02678785,0.028834217999999998
US,US,Cleaning & Sanitation,Jan-25,22537,0.024924295,0.027338392
US,US,Community & Social Service,Jan-19,9780,0.025208336,NA
US,US,Community & Social Service,Feb-19,9046,0.025641026,NA
US,US,Community & Social Service,Mar-19,11245,0.032381828,0.02774373
US,US,Community & Social Service,Apr-19,11601,0.025221071,0.027747975
US,US,Community & Social Service,May-19,11347,0.023658459,0.02708712
US,US,Community & Social Service,Jun-19,10276,0.025641042,0.024840191
US,US,Community & Social Service,Jul-19,10932,0.026285105,0.025194869
US,US,Community & Social Service,Aug-19,12868,0.030828487,0.027584878
US,US,Community & Social Service,Sep-19,8999,0.029411765,0.028841786
US,US,Community & Social Service,Oct-19,11525,0.025000202,0.028413484
US,US,Community & Social Service,Nov-19,9709,0.030952363,0.028454776
US,US,Community & Social Service,Dec-19,9066,0.018181818,0.024711461
US,US,Community & Social Service,Jan-20,13434,0.03125,0.026794727
US,US,Community & Social Service,Feb-20,15291,0.028571429,0.026001082
US,US,Community & Social Service,Mar-20,12035,0.027407399,0.029076276
US,US,Community & Social Service,Apr-20,8499,0.04,0.031992943
US,US,Community & Social Service,May-20,11024,0.024432129,0.030613176
US,US,Community & Social Service,Jun-20,13093,0.02173913,0.028723753
US,US,Community & Social Service,Jul-20,15046,0.028625357,0.024932205
US,US,Community & Social Service,Aug-20,15934,0.03030303,0.026889173
US,US,Community & Social Service,Sep-20,16195,0.025664362,0.028197583
US,US,Community & Social Service,Oct-20,18145,0.028571429,0.028179607
US,US,Community & Social Service,Nov-20,13794,0.032258065,0.028831285
US,US,Community & Social Service,Dec-20,14453,0.025641026,0.028823506
US,US,Community & Social Service,Jan-21,19092,0.033498648,0.030465913
US,US,Community & Social Service,Feb-21,20738,0.03125,0.030129891
US,US,Community & Social Service,Mar-21,26559,0.030927835,0.031892161
US,US,Community & Social Service,Apr-21,26097,0.041666667,0.034614834
US,US,Community & Social Service,May-21,27462,0.065789474,0.046127992
US,US,Community & Social Service,Jun-21,27704,0.057568493,0.055008211
US,US,Community & Social Service,Jul-21,27576,0.060041941,0.061133303
US,US,Community & Social Service,Aug-21,25229,0.061470233,0.059693556
US,US,Community & Social Service,Sep-21,25433,0.0625,0.061337392
US,US,Community & Social Service,Oct-21,26130,0.066666667,0.063545633
US,US,Community & Social Service,Nov-21,22439,0.075,0.068055556
US,US,Community & Social Service,Dec-21,24244,0.072975032,0.071547233
US,US,Community & Social Service,Jan-22,26233,0.081081081,0.076352038
US,US,Community & Social Service,Feb-22,29342,0.081743855,0.078599989
US,US,Community & Social Service,Mar-22,37703,0.083333333,0.082052756
US,US,Community & Social Service,Apr-22,34672,0.077555234,0.080877474
US,US,Community & Social Service,May-22,33994,0.068170804,0.076353124
US,US,Community & Social Service,Jun-22,31452,0.076923077,0.074216372
US,US,Community & Social Service,Jul-22,35090,0.072291745,0.072461875
US,US,Community & Social Service,Aug-22,37615,0.080105665,0.076440162
US,US,Community & Social Service,Sep-22,35728,0.078431373,0.076942927
US,US,Community & Social Service,Oct-22,35906,0.068181818,0.075572952
US,US,Community & Social Service,Nov-22,33473,0.071428571,0.072680587
US,US,Community & Social Service,Dec-22,34095,0.068783069,0.069464486
US,US,Community & Social Service,Jan-23,39104,0.06951612,0.069909254
US,US,Community & Social Service,Feb-23,39782,0.0625,0.066933063
US,US,Community & Social Service,Mar-23,48565,0.067567568,0.066527896
US,US,Community & Social Service,Apr-23,44376,0.0625,0.064189189
US,US,Community & Social Service,May-23,43462,0.06741573,0.065827766
US,US,Community & Social Service,Jun-23,42336,0.057822302,0.062579344
US,US,Community & Social Service,Jul-23,41417,0.051697153,0.058978395
US,US,Community & Social Service,Aug-23,47763,0.049999962,0.053173139
US,US,Community & Social Service,Sep-23,44289,0.055555556,0.052417557
US,US,Community & Social Service,Oct-23,43169,0.048387097,0.051314205
US,US,Community & Social Service,Nov-23,41207,0.050732585,0.051558413
US,US,Community & Social Service,Dec-23,37811,0.048780488,0.049300057
US,US,Community & Social Service,Jan-24,45614,0.039454267,0.046322447
US,US,Community & Social Service,Feb-24,46503,0.038461538,0.042232098
US,US,Community & Social Service,Mar-24,49342,0.035714286,0.037876697
US,US,Community & Social Service,Apr-24,44513,0.035065774,0.036413866
US,US,Community & Social Service,May-24,44600,0.037190203,0.035990088
US,US,Community & Social Service,Jun-24,40341,0.037062478,0.036439485
US,US,Community & Social Service,Jul-24,41070,0.042592578,0.03894842
US,US,Community & Social Service,Aug-24,46112,0.042160084,0.040605047
US,US,Community & Social Service,Sep-24,37762,0.038532057,0.041094906
US,US,Community & Social Service,Oct-24,39187,0.038461538,0.039717893
US,US,Community & Social Service,Nov-24,34131,0.037056685,0.03801676
US,US,Community & Social Service,Dec-24,30246,0.034985446,0.036834557
US,US,Community & Social Service,Jan-25,41023,0.030827065,0.034289732
US,US,Therapy,Jan-19,4719,0.023255814,NA
US,US,Therapy,Feb-19,4509,0.042025755,NA
US,US,Therapy,Mar-19,5695,0.023227135,0.029502901
US,US,Therapy,Apr-19,5763,0.007296466,0.024183119
US,US,Therapy,May-19,6375,0.034149967,0.021557856
US,US,Therapy,Jun-19,4841,0.016605522,0.019350651
US,US,Therapy,Jul-19,5475,0.019299379,0.023351622
US,US,Therapy,Aug-19,6422,0.022727273,0.019544058
US,US,Therapy,Sep-19,4784,0.023822131,0.021949594
US,US,Therapy,Oct-19,6618,0.021898977,0.022816127
US,US,Therapy,Nov-19,6095,0.024,0.023240369
US,US,Therapy,Dec-19,5757,0.010539265,0.018812747
US,US,Therapy,Jan-20,8325,0,0.011513088
US,US,Therapy,Feb-20,9306,0,0.003513088
US,US,Therapy,Mar-20,6527,0,0
US,US,Therapy,Apr-20,4088,0,0
US,US,Therapy,May-20,6160,0,0
US,US,Therapy,Jun-20,7391,0,0
US,US,Therapy,Jul-20,8525,0.01726087,0.005753623
US,US,Therapy,Aug-20,9403,0,0.005753623
US,US,Therapy,Sep-20,11113,0,0.005753623
US,US,Therapy,Oct-20,12611,0.027777778,0.009259259
US,US,Therapy,Nov-20,10038,0,0.009259259
US,US,Therapy,Dec-20,10232,0.022474747,0.016750842
US,US,Therapy,Jan-21,13113,0.020408163,0.014294304
US,US,Therapy,Feb-21,14215,0.021432945,0.021438619
US,US,Therapy,Mar-21,17601,0.038834689,0.026891932
US,US,Therapy,Apr-21,17034,0.042397727,0.034221787
US,US,Therapy,May-21,19887,0.052631579,0.044621332
US,US,Therapy,Jun-21,20080,0.055555556,0.050194954
US,US,Therapy,Jul-21,20708,0.046875,0.051687378
US,US,Therapy,Aug-21,17800,0.055555556,0.052662037
US,US,Therapy,Sep-21,18485,0.057142857,0.053191138
US,US,Therapy,Oct-21,20968,0.055555556,0.056084656
US,US,Therapy,Nov-21,19414,0.038461538,0.05038665
US,US,Therapy,Dec-21,20046,0.046511628,0.046842907
US,US,Therapy,Jan-22,20758,0.063829787,0.049600985
US,US,Therapy,Feb-22,23687,0.063829787,0.058057067
US,US,Therapy,Mar-22,28247,0.043478261,0.057045945
US,US,Therapy,Apr-22,26680,0.055555556,0.054287868
US,US,Therapy,May-22,26545,0.044346116,0.047793311
US,US,Therapy,Jun-22,26511,0.05474101,0.051547561
US,US,Therapy,Jul-22,30482,0.05,0.049695709
US,US,Therapy,Aug-22,35404,0.053125,0.052622003
US,US,Therapy,Sep-22,32551,0.048192771,0.050439257
US,US,Therapy,Oct-22,33821,0.043106652,0.048141474
US,US,Therapy,Nov-22,35252,0.050096893,0.047132105
US,US,Therapy,Dec-22,35955,0.05538514,0.049529562
US,US,Therapy,Jan-23,40368,0.046882208,0.05078808
US,US,Therapy,Feb-23,39503,0.056910569,0.053059306
US,US,Therapy,Mar-23,50052,0.052631579,0.052141452
US,US,Therapy,Apr-23,45500,0.056400704,0.055314284
US,US,Therapy,May-23,47861,0.055555556,0.054862613
US,US,Therapy,Jun-23,46593,0.039473684,0.050476648
US,US,Therapy,Jul-23,50117,0.059770652,0.051599964
US,US,Therapy,Aug-23,57245,0.041666667,0.046970334
US,US,Therapy,Sep-23,59319,0.045454545,0.048963955
US,US,Therapy,Oct-23,61512,0.050241788,0.045787667
US,US,Therapy,Nov-23,64035,0.037789475,0.04449527
US,US,Therapy,Dec-23,65881,0.037037037,0.041689434
US,US,Therapy,Jan-24,80351,0.032258065,0.035694859
US,US,Therapy,Feb-24,84383,0.029411765,0.032902289
US,US,Therapy,Mar-24,120221,0.023076923,0.028248917
US,US,Therapy,Apr-24,105281,0.022222222,0.024903637
US,US,Therapy,May-24,58895,0.023438931,0.022912692
US,US,Therapy,Jun-24,67379,0.028571429,0.024744194
US,US,Therapy,Jul-24,56284,0.020204082,0.02407148
US,US,Therapy,Aug-24,151979,0.023255814,0.024010441
US,US,Therapy,Sep-24,135819,0.023809524,0.02242314
US,US,Therapy,Oct-24,94274,0.02173913,0.022934823
US,US,Therapy,Nov-24,113142,0.028589738,0.024712797
US,US,Therapy,Dec-24,77556,0.026117087,0.025481985
US,US,Therapy,Jan-25,55668,0.021857923,0.025521583
US,US,Loading & Stocking,Jan-19,5847,0.044575101,NA
US,US,Loading & Stocking,Feb-19,5810,0.041666667,NA
US,US,Loading & Stocking,Mar-19,7960,0.043478261,0.04324001
US,US,Loading & Stocking,Apr-19,8208,0.045454545,0.043533158
US,US,Loading & Stocking,May-19,8957,0.048295127,0.045742645
US,US,Loading & Stocking,Jun-19,7859,0.052631579,0.048793751
US,US,Loading & Stocking,Jul-19,7411,0.052631579,0.051186095
US,US,Loading & Stocking,Aug-19,9528,0.045454545,0.050239234
US,US,Loading & Stocking,Sep-19,7247,0.038098694,0.045394939
US,US,Loading & Stocking,Oct-19,8857,0.041666667,0.041739969
US,US,Loading & Stocking,Nov-19,7067,0.041666667,0.040477342
US,US,Loading & Stocking,Dec-19,5497,0.032863841,0.038732391
US,US,Loading & Stocking,Jan-20,7793,0.035714286,0.036748264
US,US,Loading & Stocking,Feb-20,8800,0.038461538,0.035679888
US,US,Loading & Stocking,Mar-20,9189,0.040121947,0.038099257
US,US,Loading & Stocking,Apr-20,6425,0.035850595,0.038144694
US,US,Loading & Stocking,May-20,10812,0.032576401,0.036182981
US,US,Loading & Stocking,Jun-20,12233,0.029781872,0.032736289
US,US,Loading & Stocking,Jul-20,16273,0.033333333,0.031897202
US,US,Loading & Stocking,Aug-20,18125,0.036038961,0.033051389
US,US,Loading & Stocking,Sep-20,18510,0.041349427,0.03690724
US,US,Loading & Stocking,Oct-20,19304,0.052631592,0.043339993
US,US,Loading & Stocking,Nov-20,13021,0.050847458,0.048276159
US,US,Loading & Stocking,Dec-20,12016,0.039570769,0.047683273
US,US,Loading & Stocking,Jan-21,15612,0.066666667,0.052361631
US,US,Loading & Stocking,Feb-21,16938,0.064516129,0.056917855
US,US,Loading & Stocking,Mar-21,25146,0.068965517,0.066716104
US,US,Loading & Stocking,Apr-21,26133,0.076923077,0.070134908
US,US,Loading & Stocking,May-21,26148,0.111111111,0.085666568
US,US,Loading & Stocking,Jun-21,27218,0.107142857,0.098392348
US,US,Loading & Stocking,Jul-21,28490,0.111855571,0.110036513
US,US,Loading & Stocking,Aug-21,26423,0.110802548,0.109933659
US,US,Loading & Stocking,Sep-21,25774,0.111111111,0.11125641
US,US,Loading & Stocking,Oct-21,26061,0.100624979,0.107512879
US,US,Loading & Stocking,Nov-21,20530,0.111597864,0.107777985
US,US,Loading & Stocking,Dec-21,19679,0.11727751,0.109833451
US,US,Loading & Stocking,Jan-22,21691,0.115384615,0.11475333
US,US,Loading & Stocking,Feb-22,22703,0.111111126,0.114591084
US,US,Loading & Stocking,Mar-22,30447,0.112903226,0.113132989
US,US,Loading & Stocking,Apr-22,28695,0.099999984,0.108004779
US,US,Loading & Stocking,May-22,26720,0.088709677,0.100537629
US,US,Loading & Stocking,Jun-22,25594,0.082631563,0.090447075
US,US,Loading & Stocking,Jul-22,26414,0.075,0.082113747
US,US,Loading & Stocking,Aug-22,29005,0.070530491,0.076054018
US,US,Loading & Stocking,Sep-22,28581,0.066666667,0.070732386
US,US,Loading & Stocking,Oct-22,27192,0.0625,0.066565719
US,US,Loading & Stocking,Nov-22,22844,0.0625,0.063888889
US,US,Loading & Stocking,Dec-22,19617,0.053604429,0.05953481
US,US,Loading & Stocking,Jan-23,21873,0.055555556,0.057219995
US,US,Loading & Stocking,Feb-23,20181,0.05,0.053053328
US,US,Loading & Stocking,Mar-23,25934,0.051188471,0.052248009
US,US,Loading & Stocking,Apr-23,24587,0.048780488,0.049989653
US,US,Loading & Stocking,May-23,23991,0.038961039,0.046309999
US,US,Loading & Stocking,Jun-23,24420,0.044117647,0.043953058
US,US,Loading & Stocking,Jul-23,22623,0.049180328,0.044086338
US,US,Loading & Stocking,Aug-23,25509,0.034512627,0.042603534
US,US,Loading & Stocking,Sep-23,23555,0.038627321,0.040773425
US,US,Loading & Stocking,Oct-23,23297,0.042253521,0.03846449
US,US,Loading & Stocking,Nov-23,20304,0.043478261,0.041453034
US,US,Loading & Stocking,Dec-23,16450,0.044776119,0.043502634
US,US,Loading & Stocking,Jan-24,19170,0.0375,0.041918127
US,US,Loading & Stocking,Feb-24,19485,0.033333333,0.038536484
US,US,Loading & Stocking,Mar-24,21114,0.03125,0.034027778
US,US,Loading & Stocking,Apr-24,21879,0.034936712,0.033173348
US,US,Loading & Stocking,May-24,21057,0.035714286,0.033966999
US,US,Loading & Stocking,Jun-24,19137,0.032258065,0.034303021
US,US,Loading & Stocking,Jul-24,18531,0.029411765,0.032461372
US,US,Loading & Stocking,Aug-24,20455,0.032656346,0.031442059
US,US,Loading & Stocking,Sep-24,17571,0.027027027,0.029698379
US,US,Loading & Stocking,Oct-24,17594,0.027027027,0.028903467
US,US,Loading & Stocking,Nov-24,13871,0.018161801,0.024071952
US,US,Loading & Stocking,Dec-24,11637,0.018479076,0.021222635
US,US,Loading & Stocking,Jan-25,17920,0.024714082,0.020451653
